agucha88,Aguirre,Charles,Charles.Aguirre@nowhere.com
horjam74,Horn,James,James.Horn@nowhere.com
hebpau73,Hebert,Paul,Paul.Hebert@nowhere.com
lovjam21,Love,Jamie,Jamie.Love@nowhere.com
reyrus25,Reyes,Russell,Russell.Reyes@nowhere.com
gonwya48,Gonzales,Wyatt,Wyatt.Gonzales@nowhere.com
hardon53,Harris,Donna,Donna.Harris@nowhere.com
buslor78,Bush,Lori,Lori.Bush@nowhere.com
matkel89,Mata,Kelly,Kelly.Mata@nowhere.com
marjon20,Martin,Jonathon,Jonathon.Martin@nowhere.com
davsar54,Davis,Sara,Sara.Davis@nowhere.com
cunjam01,Cunningham,James,James.Cunningham@nowhere.com
burkim14,Burton,Kim,Kim.Burton@nowhere.com
marric06,Martinez,Ricardo,Ricardo.Martinez@nowhere.com
lowisa56,Lowery,Isaac,Isaac.Lowery@nowhere.com
booeli76,Booker,Elizabeth,Elizabeth.Booker@nowhere.com
jonder48,Jones,Derek,Derek.Jones@nowhere.com
popjac12,Pope,Jacqueline,Jacqueline.Pope@nowhere.com
obrcon66,Obrien,Connie,Connie.Obrien@nowhere.com
alvkat73,Alvarez,Katrina,Katrina.Alvarez@nowhere.com
simhea83,Simmons,Heather,Heather.Simmons@nowhere.com
gonjas62,Gonzalez,Jason,Jason.Gonzalez@nowhere.com
gilbre20,Gillespie,Breanna,Breanna.Gillespie@nowhere.com
petamb40,Peterson,Amber,Amber.Peterson@nowhere.com
johkei54,Johnson,Keith,Keith.Johnson@nowhere.com
