chejoh13,Cherry,John,John.Cherry@nowhere.com
baumor42,Bauer,Morgan,Morgan.Bauer@nowhere.com
normic57,Norris,Michelle,Michelle.Norris@nowhere.com
cookat24,Cooper,Katherine,Katherine.Cooper@nowhere.com
graand11,Gray,Andrew,Andrew.Gray@nowhere.com
raysha28,Raymond,Shannon,Shannon.Raymond@nowhere.com
hooeri81,Hoover,Eric,Eric.Hoover@nowhere.com
durjes37,Duran,Jessica,Jessica.Duran@nowhere.com
mankat98,Mann,Kathy,Kathy.Mann@nowhere.com
