sperob53,Spencer,Robin,Robin.Spencer@nowhere.com
howama79,Howard,Amanda,Amanda.Howard@nowhere.com
dukvic71,Duke,Victoria,Victoria.Duke@nowhere.com
kinpat94,King,Patrick,Patrick.King@nowhere.com
boobob83,Booth,Bobby,Bobby.Booth@nowhere.com
dawbri40,Dawson,Brian,Brian.Dawson@nowhere.com
edwshe25,Edwards,Shelby,Shelby.Edwards@nowhere.com
chanic09,Chandler,Nicole,Nicole.Chandler@nowhere.com
allste99,Allen,Steven,Steven.Allen@nowhere.com
andhal35,Anderson,Haley,Haley.Anderson@nowhere.com
leand731,Le,Andrew,Andrew.Le@nowhere.com
sheang56,Shelton,Angela,Angela.Shelton@nowhere.com
smitim76,Smith,Timothy,Timothy.Smith@nowhere.com
salnic63,Salinas,Nicholas,Nicholas.Salinas@nowhere.com
baipau33,Bailey,Paul,Paul.Bailey@nowhere.com
adakai48,Adams,Kaitlyn,Kaitlyn.Adams@nowhere.com
thomic07,Thomas,Michaela,Michaela.Thomas@nowhere.com
