canvi241,Cano,Vi,209415323,Vi.Cano@nowhere.com,ci1nva24,vi2c1na4,24vic1an
racrob58,Racey,Robbin,206271143,Robbin.Racey@nowhere.com,8bor5rac,bcar58ro,rca5o8br
couade63,Couchman,Adella,2081414346,Adella.Couchman@nowhere.com,ued3oca6,d63ecuao,3uac6doe
staild32,Staplins,Ilda,2021649638,Ilda.Staplins@nowhere.com,a2tdlsi3,d2tsi3la,2iads3lt
bisbea71,Bison,Beatris,203143295,Beatris.Bison@nowhere.com,7sabibe1,eibs17ab,ie1asbb7
petbil69,Petaccio,Billy,2022239535,Billy.Petaccio@nowhere.com,e69tlbip,6bteli9p,tbeil69p
cancan68,Cannington,Candie,2088954463,Candie.Cannington@nowhere.com,ncca8na6,8acnac6n,a86cncna
baclau86,Backfisch,Laurette,207084257,Laurette.Backfisch@nowhere.com,8a6laucb,b68uacla,u68caabl
bialil82,Bianca,Lillian,2097715332,Lillian.Bianca@nowhere.com,ili82abl,ai8il2bl,ablii82l
mulcor65,Mulloy,Corinne,207812332,Corinne.Mulloy@nowhere.com,ou5l6rmc,rl5ou6cm,lu6rm5oc
henann79,Hensle,Annie,2040238000,Annie.Hensle@nowhere.com,ennah97n,henn79an,na9enh7n
ferwil33,Ferndez,Willy,204527713,Willy.Ferndez@nowhere.com,rlei3fw3,3ier3lfw,3erf3wli
jullen82,Juliano,Lenore,2030066445,Lenore.Juliano@nowhere.com,en28lluj,ljn2ue8l,uen82jll
promis55,Prondzinski,Mistie,2085333547,Mistie.Prondzinski@nowhere.com,5mi5sopr,smipor55,i55pmors
dewdan92,Dewer,Danica,200557208,Danica.Dewer@nowhere.com,ne2addw9,wdaed9n2,dwnd2ea9
biskee19,Bisping,Keena,204811211,Keena.Bisping@nowhere.com,es1bike9,ebik1es9,iskb9ee1
balvau74,Ballantine,Vaughn,2073602187,Vaughn.Ballantine@nowhere.com,bual47av,baaluv74,au4lbav7
walisa91,Walsh,Isadora,205283038,Isadora.Walsh@nowhere.com,19awilsa,asal9wi1,la9iasw1
procha54,Procell,Chadwick,2035193137,Chadwick.Procell@nowhere.com,ra45ohcp,5rch4aop,oa5r4hpc
defphu35,Deffibaugh,Phuong,2084634955,Phuong.Deffibaugh@nowhere.com,5u3dfhep,dfh53peu,dfu5e3ph
maisol00,Maize,Sol,201327408,Sol.Maize@nowhere.com,sa0imo0l,lomis00a,lma00iso
crocha33,Crooks,Charlyn,205095132,Charlyn.Crooks@nowhere.com,3h3racco,a3ro3hcc,crhoca33
eigtri28,Eigner,Tristan,202806320,Tristan.Eigner@nowhere.com,28irtieg,erg82iit,2ietg8ri
malrox57,Malehorn,Roxy,204254945,Roxy.Malehorn@nowhere.com,mx5ralo7,l75axrom,axlmro57
weyode57,Weygandt,Odelia,2086782809,Odelia.Weygandt@nowhere.com,yee5od7w,eo5yd7ew,eo57wedy
mcfray41,Mcfeeley,Raymond,208802185,Raymond.Mcfeeley@nowhere.com,amr1cy4f,4mrcaf1y,frm4ay1c
sasjac84,Sasuille,Jacquelynn,209823867,Jacquelynn.Sasuille@nowhere.com,8s4ascja,s4asaj8c,ajc48sas
fallia68,Falick,Liane,2085221352,Liane.Falick@nowhere.com,8fa6llai,lali68af,86aaifll
orllow13,Orlowsky,Lowell,203336170,Lowell.Orlowsky@nowhere.com,lowo31rl,w3lolo1r,l3r1oolw
czacri90,Czarniecki,Cristy,2084576656,Cristy.Czarniecki@nowhere.com,c09iarzc,zr9i0cca,caizrc90
dropor93,Drock,Porsha,2079552828,Porsha.Drock@nowhere.com,opo93rrd,o9d3rorp,prdr9oo3
zipsal49,Zipf,Sally,208030352,Sally.Zipf@nowhere.com,apsi4z9l,s4aizpl9,zap4li9s
paysha89,Paye,Sharleen,2010944499,Sharleen.Paye@nowhere.com,a8s9hayp,a8say9ph,sp9yh8aa
lipcar92,Lipman,Carson,204549144,Carson.Lipman@nowhere.com,a2lripc9,alr92cip,ra2i9lcp
duslei46,Dust,Leida,2040556835,Leida.Dust@nowhere.com,e46lsudi,il4es6ud,uil6des4
manjes72,Manni,Jesus,203690359,Jesus.Manni@nowhere.com,n7jasm2e,mesjn27a,a2nsemj7
trides04,Tripoli,Deshawn,2062362447,Deshawn.Tripoli@nowhere.com,tesr0di4,ir0tdes4,s0rdt4ie
poukor95,Pouliot,Kortney,203760807,Kortney.Pouliot@nowhere.com,9rko5puo,rouko59p,5puo9kor
milmar52,Millstein,Maren,205216195,Maren.Millstein@nowhere.com,am5lir2m,,2ima5rlm
rufren52,Ruffins,Rene,2025809673,Rene.Ruffins@nowhere.com,rr52nfeu,rrfeun52,2ufr5ner
bricel04,Brinda,Celestine,2008070932,Celestine.Brinda@nowhere.com,lerib0c4,cl0rbi4e,clr04bei
chalil59,Chandsawangbh,Lili,2047935984,Lili.Chandsawangbh@nowhere.com,5iach9ll,hlcail59,ci5hlal9
gutcar92,Gutgesell,Carroll,208092657,Carroll.Gutgesell@nowhere.com,2ctuag9r,rtua29gc,c2ugtr9a
waiste48,Wai,Stefania,2032572306,Stefania.Wai@nowhere.com,4is8tawe,4t8iaews,wai4se8t
berdea02,Bergara,Deadra,200007771,Deadra.Bergara@nowhere.com,reedb0a2,02deeabr,0eerbd2a
doslei44,Dossous,Leigh,201223822,Leigh.Dossous@nowhere.com,4sod4iel,loide44s,e4o4sdil
aykmic57,Aykroid,Michal,2076225819,Michal.Aykroid@nowhere.com,aicmy5k7,75iykmac,kac7ym5i
schrei93,Scheibner,Reid,2058671757,Reid.Scheibner@nowhere.com,3hce9irs,9erhcsi3,c9sh3ire
mckchi25,Mckale,Ching,204672109,Ching.Mckale@nowhere.com,5mc2kihc,mhicc52k,2ccmkh5i
memeva05,Memmo,Evangeline,2003891491,Evangeline.Memmo@nowhere.com,mea0vme5,e5eamv0m,em0veam5
tirsun56,Tiry,Sunny,204343694,Sunny.Tiry@nowhere.com,s6ntrui5,6s5inutr,u5s6nrit
hemleo02,Hemish,Leonila,2014177728,Leonila.Hemish@nowhere.com,mhoe2e0l,2le0ehmo,eeh2ol0m
soctra57,Socia,Trang,2090473756,Trang.Socia@nowhere.com,csot57ar,as7t5cro,5ctr7aos
grecor63,Greubel,Corey,208401391,Corey.Greubel@nowhere.com,6gerocr3,3ecor6gr,eg6cr3ro
zinvin19,Zindel,Vincent,200208318,Vincent.Zindel@nowhere.com,9vinni1z,zin1i9vn,9vniiz1n
verjan19,Verbridge,Janis,2058518256,Janis.Verbridge@nowhere.com,9nr1jeva,9e1avjrn,jvn1rea9
irebre53,Ireson,Bree,2042190177,Bree.Ireson@nowhere.com,3eebrr5i,53eerirb,i3reb5re
vaneni22,Vanzante,Enid,2024674907,Enid.Vanzante@nowhere.com,ainn2ev2,annie22v,nin22vea
jergai68,Jerrel,Gail,2003978673,Gail.Jerrel@nowhere.com,8eri6gja,eirja68g,age68ijr
loutei04,Louge,Teisha,208732020,Teisha.Louge@nowhere.com,04ueiotl,io0ut4el,oiult0e4
pelmad64,Pelini,Madonna,2092858602,Madonna.Pelini@nowhere.com,edl64map,ml4pdea6,peld46am
mozsha78,Mozee,Shawn,2077787801,Shawn.Mozee@nowhere.com,moa8szh7,h7zma8os,mo78ahzs
gonger82,Gongalves,Gertrudis,2071525692,Gertrudis.Gongalves@nowhere.com,nggr2e8o,gr8oneg2,ngog28re
kilmar68,Killingworth,Margy,207839900,Margy.Killingworth@nowhere.com,68kaimrl,mlai6r8k,l8mak6ri
barang08,Barhydt,Angelita,2038719590,Angelita.Barhydt@nowhere.com,0nba8gar,80anrabg,ar0ag8bn
shrnit44,Shreffler,Nita,2089176850,Nita.Shreffler@nowhere.com,44strhin,htr44nis,hr4itsn4
haslae12,Hastin,Lael,2074060873,Lael.Hastin@nowhere.com,ah12lase,ah21leas,h1els2aa
dimcla34,Dimarco,Clark,2028415936,Clark.Dimarco@nowhere.com,4cd3imla,cm3l4iad,mclad3i4
sprver51,Springman,Verlie,2097526957,Verlie.Springman@nowhere.com,rev1prs5,errvp5s1,r15prevs
cadson53,Cady,Sondra,202694982,Sondra.Cady@nowhere.com,3co5asdn,c3d5oans,nsaod35c
pegcha56,Peggs,Charmain,2041272822,Charmain.Peggs@nowhere.com,e65ghacp,cepg56ha,56egcpah
leusar33,Leuasseur,Sara,2089927397,Sara.Leuasseur@nowhere.com,elrs3a3u,3alre3su,l3suera3
fegjos90,Fegett,Josiah,2099760219,Josiah.Fegett@nowhere.com,g09jsoef,0e9jsgof,s0eo9fjg
salmar94,Salvatore,Marcelle,2095560414,Marcelle.Salvatore@nowhere.com,9sraa4lm,4l9sarma,4m9slraa
sohdim44,Soho,Dimple,2012178109,Dimple.Soho@nowhere.com,4hs4dmio,4o4dmihs,imhds44o
brudan48,Brutlag,Daniel,201788191,Daniel.Brutlag@nowhere.com,urdnb4a8,dbra48nu,u4dr8nab
zegmay20,Zegarelli,Mayra,208346120,Mayra.Zegarelli@nowhere.com,me02gayz,mae0gy2z,ma0g2yez
ceskev48,Cestone,Kevin,2015043243,Kevin.Cestone@nowhere.com,v8eck4se,se48vkce,keecs4v8
heldev37,Heldt,Devon,2000865509,Devon.Heldt@nowhere.com,e7hedv3l,3hlevd7e,h73veedl
llakry34,Llanez,Krystyna,2062938686,Krystyna.Llanez@nowhere.com,ykra43ll,lyrk34al,arkly43l
caramb04,Carline,Amberly,2099162252,Amberly.Carline@nowhere.com,acbr40am,cr4bm0aa,rmac04ab
elrabi68,Elreda,Abigail,2020629877,Abigail.Elreda@nowhere.com,lbir8e6a,i6lre8ab,aler86ib
ohlmar95,Ohlsen,Mary,2016068836,Mary.Ohlsen@nowhere.com,9a5lrhom,amhrl95o,almro59h
mohkia61,Mohre,Kiana,200512129,Kiana.Mohre@nowhere.com,6ihkao1m,hk6m1iao,ikahm6o1
harcam24,Harty,Camellia,2088578401,Camellia.Harty@nowhere.com,aar4m2ch,r4ma2cah,a2h4acrm
titbas36,Titterness,Basil,2078059471,Basil.Titterness@nowhere.com,3s6abitt,stabi3t6,aib6t3ts
ditjoh32,Ditommaso,Johnsie,2033660074,Johnsie.Ditommaso@nowhere.com,2jhdto3i,h2tiod3j,23idjhto
lamdor38,Lamper,Dorla,2013068243,Dorla.Lamper@nowhere.com,o8lrmad3,3lmod8ra,r3aodml8
borchr86,Borkenhagen,Christen,206994846,Christen.Borkenhagen@nowhere.com,6rcro8bh,6hrc8orb,rhcrb8o6
stawin39,Stahoski,Winifred,201616584,Winifred.Stahoski@nowhere.com,wi3snt9a,9t3sinaw,aw93snit
tricyn33,Trivisonno,Cyndi,204710489,Cyndi.Trivisonno@nowhere.com,ny3ci3tr,ct3yrn3i,citny3r3
demmad67,Demoura,Madge,203085293,Madge.Demoura@nowhere.com,ddm6e7am,daed76mm,dem6dm7a
talgen47,Talbert,Genevieve,202893516,Genevieve.Talbert@nowhere.com,alnt4eg7,gea47lnt,alten47g
mcalaw52,Mcanulty,Lawrence,2029483104,Lawrence.Mcanulty@nowhere.com,lacam52w,5mwlaa2c,25awalcm
sitkri09,Sittloh,Krista,2028015287,Krista.Sittloh@nowhere.com,9ksirit0,trs9ik0i,riti0s9k
hiemer36,Hieronymus,Merry,208703197,Merry.Hieronymus@nowhere.com,6mir3hee,6ir3emhe,eme3h6ir
rolver92,Roloff,Vernetta,2072532386,Vernetta.Roloff@nowhere.com,e2rv9lro,rlrvoe92,l2r9vroe
lafgen51,Lafrate,Gene,204653289,Gene.Lafrate@nowhere.com,n5leagf1,aef1ngl5,ane5fl1g
bermig18,Bergreen,Miguelina,207991408,Miguelina.Bergreen@nowhere.com,biegm18r,8brm1eig,g81rmebi
levaik86,Levandoski,Aiko,207266719,Aiko.Levandoski@nowhere.com,i8a6lvke,evl8kia6,v6elaik8
nistwa81,Niskala,Twana,2000995684,Twana.Niskala@nowhere.com,asitn81w,1atniws8,atw8n1si
cefrog23,Cefalu,Roger,2044511064,Roger.Cefalu@nowhere.com,eogf32cr,rgc3of2e,3rc2egof
sorhil96,Soroka,Hildegard,2080882670,Hildegard.Soroka@nowhere.com,r6h9lois,96rshilo,96ilhosr
ostdal86,Ostaba,Dalene,205568935,Dalene.Ostaba@nowhere.com,lstoa86d,o8tslad6,tao6lds8
wahfer60,Wahlen,Fermina,202819420,Fermina.Wahlen@nowhere.com,ehf6r0wa,60werafh,0rhwae6f
pilron17,Pilarz,Ronni,2044378749,Ronni.Pilarz@nowhere.com,opirn1l7,1rlnopi7,1lnrip7o
strmel61,Stricklin,Mellie,2053074937,Mellie.Stricklin@nowhere.com,6erls1mt,s1lrt6me,srl1m6te
