natlor89,Natvig,Lore,207794576,Lore.Natvig@nowhere.com,9oratln8,9nlart8o,n8alrot9
serani17,Serna,Anissa,204348397,Anissa.Serna@nowhere.com,nr1eai7s,a7rnise1,ae1n7isr
laslor51,Laska,Lora,201633046,Lora.Laska@nowhere.com,slra51lo,r1a5osll,r5slaol1
hojdru65,Hojczyk,Drusilla,2099852761,Drusilla.Hojczyk@nowhere.com,uohrd5j6,urdj6o5h,65uhdojr
chaisi10,Charisse,Isiah,2043832897,Isiah.Charisse@nowhere.com,isahic10,1shciia0,si0i1ahc
degrub09,Degeare,Ruben,206416921,Ruben.Degeare@nowhere.com,0g9edbur,0udger9b,ru90edgb
busjea84,Bustad,Jeanice,2085143738,Jeanice.Bustad@nowhere.com,ebua8j4s,j8uas4eb,8easuj4b
tigagn33,Tigerino,Agnus,202912386,Agnus.Tigerino@nowhere.com,t3agi3ng,iggant33,3itng3ag
berpen60,Berdes,Penelope,2027529850,Penelope.Berdes@nowhere.com,bre0e6np,pene0rb6,0rebep6n
guikay16,Guillaume,Kaylee,2081827619,Kaylee.Guillaume@nowhere.com,k6ui1ayg,giu61yka,uiy61kag
grarub44,Grap,Rubye,207082371,Rubye.Grap@nowhere.com,rbra4gu4,r4bugra4,ba4gr4ru
elssar86,Elswick,Sarai,2055739348,Sarai.Elswick@nowhere.com,8rsalse6,re8sas6l,asl68ers
ponflo52,Ponder,Florencio,2067361089,Florencio.Ponder@nowhere.com,olpf2n5o,oo5n2lfp,2nolo5pf
chafal27,Chambless,Fallon,207492413,Fallon.Chambless@nowhere.com,a72cfhla,clhaa27f,ha2cf7al
hadadr07,Hadiaris,Adrian,207270586,Adrian.Hadiaris@nowhere.com,7adhrda0,0h7radda,ad7hda0r
taktay93,Takagi,Taylor,2072961443,Taylor.Takagi@nowhere.com,9kaytat3,3ayatt9k,9aytta3k
hayzen80,Haydu,Zena,204477503,Zena.Haydu@nowhere.com,yehn80za,ay8nze0h,zy8ena0h
klyjut92,Klyn,Jutta,2067912509,Jutta.Klyn@nowhere.com,9uly2tjk,k29jluty,tl2ky9uj
sucleo15,Suckow,Leonie,207388464,Leonie.Suckow@nowhere.com,ceo1us5l,o5uel1cs,1uscel5o
bartoi53,Barela,Toi,205759562,Toi.Barela@nowhere.com,atrboi35,tiba35or,rt5bo3ai
belliz63,Bellemare,Lizabeth,2054798432,Lizabeth.Bellemare@nowhere.com,zebli36l,ibzel3l6,eizbl36l
merber86,Mermis,Bernarda,2026772073,Bernarda.Mermis@nowhere.com,emb8err6,8r6eremb,rb8r6eme
bisgwy72,Bissegger,Gwyneth,2042966021,Gwyneth.Bissegger@nowhere.com,7bgiwsy2,7wibysg2,igsb7wy2
nolarl04,Nolazco,Arlie,209703277,Arlie.Nolazco@nowhere.com,,aol0rn4l,r40lolna
kisjer77,Kister,Jere,2042185105,Jere.Kister@nowhere.com,ijr7eks7,s7k7ijer,sk7ije7r
marcan80,Marcks,Candyce,203829521,Candyce.Marcks@nowhere.com,8mca0nra,nm80rcaa,a8r0manc
lauart46,Lauretta,Art,2031397205,Art.Lauretta@nowhere.com,lrut4a6a,64lrtaau,46lrtaua
desgal19,Desatnik,Galina,2054585198,Galina.Desatnik@nowhere.com,da9g1sle,9saegld1,eadgs1l9
polcor32,Policastri,Cordelia,2065516901,Cordelia.Policastri@nowhere.com,roolp2c3,23poolrc,or2p3ocl
tejcon24,Tejada,Consuelo,207252027,Consuelo.Tejada@nowhere.com,etcj42no,t4ocjen2,t4jcone2
mrudre98,Mruczek,Dreama,204594083,Dreama.Mruczek@nowhere.com,r8urdme9,9rdrmu8e,r8u9rmde
stueug84,Stuer,Eugenia,209191759,Eugenia.Stuer@nowhere.com,eu8gt4su,tue4u8gs,usg84ute
lacdou63,Lacour,Douglass,209244477,Douglass.Lacour@nowhere.com,u6ldoc3a,clod6au3,do3acul6
yousad61,Yousko,Sade,206630171,Sade.Yousko@nowhere.com,yos6dua1,d6yasu1o,su1yo6ad
acetra67,Acedo,Tracee,2014097653,Tracee.Acedo@nowhere.com,atear7c6,76rteaac,ae7acrt6
gorste31,Gorelli,Stella,203865359,Stella.Gorelli@nowhere.com,13torseg,re3o1gst,tsgeo13r
lewvan04,Lewter,Vania,205069673,Vania.Lewter@nowhere.com,l4e0nvwa,0awlne4v,nlw04vea
corwad11,Corneil,Wade,204959344,Wade.Corneil@nowhere.com,drw11oca,11oracdw,w11crdao
valale36,Valdes,Alexis,203404982,Alexis.Valdes@nowhere.com,ev3a6lla,lev6aal3,a3llae6v
barmar19,Barillas,Marlen,204178390,Marlen.Barillas@nowhere.com,9ara1rbm,r9amr1ba,m9rara1b
deltan33,Delong,Tanna,206627926,Tanna.Delong@nowhere.com,3tladne3,e3tandl3,3ate3ndl
hayeri77,Hayse,Erica,204877660,Erica.Hayse@nowhere.com,iya7her7,e7y7airh,e7raihy7
britru15,Brinn,Truman,205378126,Truman.Brinn@nowhere.com,itb1rr5u,ui5tb1rr,5irrt1bu
werver47,Wert,Verlene,201999506,Verlene.Wert@nowhere.com,e4rr7wev,ere7wr4v,4rrewev7
carlei51,Carrico,Leisha,205612416,Leisha.Carrico@nowhere.com,5aeci1rl,15alriec,cal1rie5
aumnic87,Aumend,Nicki,204286786,Nicki.Aumend@nowhere.com,mniu87ca,m7i8anuc,u87minca
spenad94,Spece,Nada,200364397,Nada.Spece@nowhere.com,sda9en4p,n4speda9,ads9enp4
hobjim48,Hobby,Jim,204676915,Jim.Hobby@nowhere.com,boi4jhm8,b4ho8ijm,mb4j8hio
torjon93,Torri,Jona,205563263,Jona.Torri@nowhere.com,9toonr3j,tn3jo9ro,9jtorn3o
didjol13,Didomenico,Jolene,205573328,Jolene.Didomenico@nowhere.com,1djodi3l,3idloj1d,doil3j1d
comchl73,Comee,Chloe,2088656877,Chloe.Comee@nowhere.com,c7mhc3ol,cmlch73o,hlomc7c3
busman60,Buschman,Man,2092812173,Man.Buschman@nowhere.com,0nusa6mb,a6msbun0,0busnma6
fryser19,Frymier,Sergio,208722613,Sergio.Frymier@nowhere.com,frye1rs9,91yesfrr,9re1sfry
poowen49,Poole,Wen,204335778,Wen.Poole@nowhere.com,e9o4npwo,o4oewn9p,49wonoep
surtam15,Surra,Tameka,2013045867,Tameka.Surra@nowhere.com,utm1rs5a,tr5smu1a,ms1au5tr
tizver09,Tiznado,Vernita,2040641755,Vernita.Tiznado@nowhere.com,e0it9vrz,90vizret,rze9vi0t
neereb13,Neer,Rebecka,205973435,Rebecka.Neer@nowhere.com,31rebene,ene13erb,beeenr31
mouall37,Mounger,Allen,201463309,Allen.Mounger@nowhere.com,oml3lau7,37oullam,l73loaum
badone21,Badgley,Oneida,201010385,Oneida.Badgley@nowhere.com,e21bndao,endbo2a1,e1n2adob
houedy45,Housner,Edythe,207560016,Edythe.Housner@nowhere.com,duyh45oe,4u5yheod,douyh45e
kudarl27,Kudej,Arla,201346897,Arla.Kudej@nowhere.com,a2rd7ukl,r2lkda7u,rkd2alu7
beneus94,Benedict,Eusebia,208311362,Eusebia.Benedict@nowhere.com,4n9ebsue,eb4e9uns,n4ebe9us
stajan50,Stands,January,2043192639,January.Stands@nowhere.com,s5ntja0a,aja0n5ts,s5jan0ta
casale24,Cassella,Aleen,2026372601,Aleen.Cassella@nowhere.com,4l2acase,,acs4l2ae
shiher61,Shillingsford,Herbert,2068442560,Herbert.Shillingsford@nowhere.com,rihe6s1h,6hsie1rh,6ei1rhsh
wellon94,Welfel,Lonny,207628451,Lonny.Welfel@nowhere.com,lnl9ewo4,o94lenwl,lwo4lne9
boemar25,Boesen,Marty,2034186732,Marty.Boesen@nowhere.com,5re2omab,2roebm5a,m2aobr5e
hylche74,Hyland,Cherrie,209242316,Cherrie.Hyland@nowhere.com,7hchye4l,4chy7leh,7hecy4hl
farran88,Farell,Randy,2012130144,Randy.Farell@nowhere.com,8rranfa8,rfanra88,
hagpei38,Haggett,Pei,206452515,Pei.Haggett@nowhere.com,h38iagep,pei3gha8,3a8phieg
duclau40,Ducayne,Laurinda,2032107569,Laurinda.Ducayne@nowhere.com,4d0uclua,uclu4a0d,u0lcda4u
keecha50,Keely,Chastity,2006604289,Chastity.Keely@nowhere.com,aec5hek0,ec05ekah,h5cakee0
migcar48,Miggo,Carl,2089349877,Carl.Miggo@nowhere.com,8c4imgra,4mcag8ri,4i8amgrc
chanor29,Chavies,Norman,206230290,Norman.Chavies@nowhere.com,r9ach2no,a2ocn9rh,anchr92o
tadlov25,Taddonio,Lovie,2091677996,Lovie.Taddonio@nowhere.com,tovd5la2,ovt25adl,ltv2dao5
castri24,Casady,Trina,2081408748,Trina.Casady@nowhere.com,2tis4arc,a4trics2,4sacrt2i
kotand10,Kottenstette,Andree,204061065,Andree.Kottenstette@nowhere.com,doa1n0tk,o01atnkd,tkod0a1n
sinfer00,Sindorf,Fermina,2009941709,Fermina.Sindorf@nowhere.com,einr0sf0,isn00erf,rfes0in0
tewmel32,Tewes,Melodee,2099173984,Melodee.Tewes@nowhere.com,etm3wl2e,m2elw3et,2lmw3eet
deamaj69,Deanes,Major,203775284,Major.Deanes@nowhere.com,d6mjaea9,6ja9mdea,ade6jm9a
lezlue94,Lezama,Luella,203851184,Luella.Lezama@nowhere.com,lee9l4uz,ll4zue9e,ell9e4uz
benhol00,Benn,Hollis,2014451150,Hollis.Benn@nowhere.com,o0ebl0nh,l0eo0bhn,0hlob0en
lotshe86,Lotti,Shenna,209008776,Shenna.Lotti@nowhere.com,tse6ol8h,h8to6lse,8tesl6oh
zabbes86,Zabik,Bessie,2047008797,Bessie.Zabik@nowhere.com,esb8baz6,b86azesb,a8b6ebsz
woobar05,Woodman,Barbar,205119145,Barbar.Woodman@nowhere.com,aro5o0wb,5rwa0oob,ar5o0wob
budant10,Budz,Antone,2029070551,Antone.Budz@nowhere.com,n1butd0a,a1db0ntu,0nduabt1
