balkat67,Ball,Kathy,Kathy.Ball@nowhere.com
davjos86,Davis,Joseph,Joseph.Davis@nowhere.com
gralyn24,Graham,Lynn,Lynn.Graham@nowhere.com
marbri86,Martinez,Brian,Brian.Martinez@nowhere.com
lamchr71,Lamb,Christopher,Christopher.Lamb@nowhere.com
davvan09,Davis,Vanessa,Vanessa.Davis@nowhere.com
coomat00,Cook,Matthew,Matthew.Cook@nowhere.com
alecor10,Alexander,Corey,Corey.Alexander@nowhere.com
edwcas82,Edwards,Cassandra,Cassandra.Edwards@nowhere.com
coxkat84,Cox,Kathy,Kathy.Cox@nowhere.com
