latlor55,Latulas,Loretta,2077095994,Loretta.Latulas@nowhere.com,al5lrot5,a55rltol,5l5otral
linkes06,Linssen,Kesha,200305713,Kesha.Linssen@nowhere.com,l6kesn0i,le6s0nik,n6leiks0
agibri28,Agilar,Brice,2096037132,Brice.Agilar@nowhere.com,rbi2i8ga,8biarig2,gr8i2aib
vigjoe92,Viger,Joe,2080787129,Joe.Viger@nowhere.com,gejvo29i,jgei92vo,9ej2ivgo
lanrae54,Landberg,Raelene,2030003265,Raelene.Landberg@nowhere.com,l4ana5er,5lar4nea,4nrale5a
coshar52,Coslett,Harlan,2005560422,Harlan.Coslett@nowhere.com,chosr52a,ch2so5ar,c5ash2ro
shidar23,Shirar,Darrell,2033191513,Darrell.Shirar@nowhere.com,ira3hd2s,irdas23h,2sd3ihar
wigleo33,Wiggett,Leo,209500215,Leo.Wiggett@nowhere.com,geol3wi3,glw33eio,g3eoilw3
devtem23,Devit,Tempie,205250485,Tempie.Devit@nowhere.com,emve3d2t,etd2ev3m,tvm23ede
mccgil49,Mccaffity,Gilda,200137666,Gilda.Mccaffity@nowhere.com,gmic94lc,m9licg4c,cg9cmi4l
lunalb41,Lunnon,Albertine,2087785144,Albertine.Lunnon@nowhere.com,4u1lnbal,bun14lla,l1a4lnub
deatob70,Dearstyne,Toby,203227695,Toby.Dearstyne@nowhere.com,oba7e0td,b7ea0otd,7a0btoed
espcon73,Espree,Contessa,203784240,Contessa.Espree@nowhere.com,37ncospe,osn73cep,o7se3pnc
ronviv51,Ronayne,Vivien,206061070,Vivien.Ronayne@nowhere.com,vin1o5vr,r5ivvo1n,ion5vv1r
katmos72,Katcher,Moshe,2053771815,Moshe.Katcher@nowhere.com,ta7km2so,tmsk27oa,2amo7stk
mozpri40,Moznett,Prince,2060388954,Prince.Moznett@nowhere.com,poi04rmz,mz0iopr4,0r4poimz
knideb88,Knie,Debroah,2010512141,Debroah.Knie@nowhere.com,8ebd8kni,k8idn8be,ke8ni8bd
dykemm19,Dykhouse,Emmitt,205865606,Emmitt.Dykhouse@nowhere.com,k91dymme,91eydmmk,em9md1yk
ferbuf10,Ferreira,Buford,2090338326,Buford.Ferreira@nowhere.com,10fruebf,ffbu01er,ffberu01
shodor85,Shomer,Dorie,205306180,Dorie.Shomer@nowhere.com,o5rd8soh,soh5d8or,rdho85so
dobchr57,Dobkins,Christene,2032863657,Christene.Dobkins@nowhere.com,do5b7rhc,5hbrd7oc,rbd57hoc
ehrdel72,Ehrle,Delila,2012186751,Delila.Ehrle@nowhere.com,h2eeld7r,edl2h7re,ed7herl2
crirub37,Crisafi,Ruby,2028561829,Ruby.Crisafi@nowhere.com,bi3cr7ur,,3cr7rbiu
ricyun13,Rickert,Yung,202999439,Yung.Rickert@nowhere.com,nurci13y,ur13niyc,uiy1n3rc
bethue34,Bettinger,Huey,2046366546,Huey.Bettinger@nowhere.com,4eb3uhet,bu3ee4th,h3bteu4e
pryave94,Prye,Avelina,202955394,Avelina.Prye@nowhere.com,evayrp49,aery9v4p,vya9r4pe
kohmar19,Kohnke,Marcelina,209883393,Marcelina.Kohnke@nowhere.com,r1ao9hmk,1ha9mrko,hor9a1mk
brityl72,Brighi,Tyler,2077425318,Tyler.Brighi@nowhere.com,ybit2l7r,i2rtyl7b,yl7r2bit
tancel03,Tanious,Celestine,204040455,Celestine.Tanious@nowhere.com,30netcal,tnla0e3c,n0actl3e
hanver15,Hancher,Vernie,2070301131,Vernie.Hancher@nowhere.com,aner1h5v,nar5vhe1,eh15narv
gootru79,Goodheart,Trula,2019364772,Trula.Goodheart@nowhere.com,oo9tgru7,tou79gro,tuogor97
givcor86,Givant,Coral,2065307005,Coral.Givant@nowhere.com,v6rcgio8,oic6g8rv,86ocgvri
haisan17,Hains,Sang,2029609735,Sang.Hains@nowhere.com,i7aashn1,7ih1aans,sahia7n1
girche97,Giroir,Chere,200738330,Chere.Giroir@nowhere.com,9hiegcr7,iegr9ch7,gcrh97ei
dunfar13,Dundee,Farrah,208828149,Farrah.Dundee@nowhere.com,r3nf1dau,daufnr31,f3dnrua1
shanan10,Shanholtz,Nancey,207878432,Nancey.Shanholtz@nowhere.com,hn1anas0,10snnaah,1nhsa0na
kulphi06,Kulwicki,Phil,2029681811,Phil.Kulwicki@nowhere.com,kuhi0pl6,u6hpk0li,0ukph6il
manpip08,Mangum,Piper,2092654505,Piper.Mangum@nowhere.com,papnmi80,0pma8npi,08pmpain
wilcha50,Wildenberg,Chantelle,204589776,Chantelle.Wildenberg@nowhere.com,li0hc5wa,wh05alci,a0c5iwhl
utshub00,Utsey,Hubert,204697656,Hubert.Utsey@nowhere.com,bh0u0sut,hutsu00b,utsuhb00
baotyr96,Baoloy,Tyree,2051856250,Tyree.Baoloy@nowhere.com,ryb9t6ao,b9to6ray,t9ya6bor
clotam58,Clowes,Tameika,202413649,Tameika.Clowes@nowhere.com,o5lmtac8,aco8l5tm,5l8maoct
bagfre33,Baggs,Fredric,2035976509,Fredric.Baggs@nowhere.com,ea3gr3bf,ar3egbf3,fga3bre3
blamir27,Blady,Mirian,2045448915,Mirian.Blady@nowhere.com,abmri7l2,rlmb2i7a,b7ilr2ma
sutann97,Sutfin,Annie,2078452790,Annie.Sutfin@nowhere.com,n9snau7t,unt9s7an,a79unnst
measib75,Meacham,Sibyl,2076223242,Sibyl.Meacham@nowhere.com,sib7eam5,mebias57,ei5b7msa
pashor15,Passantino,Horacio,2086497240,Horacio.Passantino@nowhere.com,15rshopa,5hsparo1,p1sr5oha
willer75,Wilken,Lera,204540533,Lera.Wilken@nowhere.com,5rilewl7,wl5l7eir,rei57llw
rudlua78,Ruden,Luann,2054508455,Luann.Ruden@nowhere.com,dula8u7r,7ur8daul,lrd8auu7
boicar72,Boissonneault,Carrol,2030006764,Carrol.Boissonneault@nowhere.com,rb2cai7o,7cbo2iar,c7io2rba
foslis43,Foss,Lisandra,209233597,Lisandra.Foss@nowhere.com,ls4o3sif,4l3sifos,34lsfosi
bodbla87,Boddie,Blaine,201373495,Blaine.Boddie@nowhere.com,78obabdl,oa8ld7bb,78lbobda
renver22,Renova,Versie,203856907,Versie.Renova@nowhere.com,2eve2rrn,2r2veern,ne22rvre
matver13,Mato,Veronica,2048696629,Veronica.Mato@nowhere.com,a3vemtr1,a3emvrt1,evt3a1mr
crugay78,Cruzan,Gaylene,204079855,Gaylene.Cruzan@nowhere.com,uar7cy8g,yar8uc7g,r7ga8uyc
bibtaw96,Bibles,Tawanna,204719243,Tawanna.Bibles@nowhere.com,wbtbi96a,wia9bbt6,wa6b9bti
metthe02,Metaxas,Theodora,205701461,Theodora.Metaxas@nowhere.com,tme20het,tetem2h0,tht2me0e
erllid58,Erlanson,Lida,202226488,Lida.Erlanson@nowhere.com,eill58dr,eid5ll8r,5lreil8d
lapcla62,Lapari,Claudio,202328148,Claudio.Lapari@nowhere.com,alc6a2pl,6aclal2p,lala6c2p
gioade51,Giordano,Adela,205694986,Adela.Giordano@nowhere.com,io15eagd,1eigdao5,o5gae1id
tricor43,Triplett,Cornelius,2097694920,Cornelius.Triplett@nowhere.com,ir3to4cr,r4cto3ri,roicr43t
seaale75,Seawood,Aleida,2092791509,Aleida.Seawood@nowhere.com,ls75aeae,e57aaels,57ealsae
wellio80,Welson,Lionel,204813933,Lionel.Welson@nowhere.com,l8wi0elo,0wi8lleo,oi0w8lel
clocor19,Clowerd,Corrine,209864360,Corrine.Clowerd@nowhere.com,cl9oocr1,1ocolcr9,crl9co1o
marres57,Marca,Ressie,2082261864,Ressie.Marca@nowhere.com,mer57sra,r7erma5s,r7rasem5
lukmar18,Lukins,Martine,2045235001,Martine.Lukins@nowhere.com,lm1ukar8,ul18karm,aurl8km1
tomrei46,Toma,Reinaldo,206479223,Reinaldo.Toma@nowhere.com,mtore46i,tm6ore4i,tirem64o
bracha31,Brais,Chana,206522795,Chana.Brais@nowhere.com,bh3aac1r,brac3h1a,
sodang57,Sodeman,Angila,201380676,Angila.Sodeman@nowhere.com,ogsa75nd,aosnd7g5,n75aodgs
adamer54,Adamitis,Mercedez,2088541675,Mercedez.Adamitis@nowhere.com,rdm54aae,d4aamer5,rea45mda
rogsim28,Rogge,Sima,208683769,Sima.Rogge@nowhere.com,2rig8som,gms28rio,2gmo8sir
belroc88,Belasco,Rocky,206545516,Rocky.Belasco@nowhere.com,clo88rbe,relcb8o8,e8clbro8
runkam96,Runk,Kami,2067316596,Kami.Runk@nowhere.com,9m6auknr,69nrukam,nr6u9kam
balkat81,Balasco,Kathlene,2034481451,Kathlene.Balasco@nowhere.com,a1tlk8ab,abkt18la,1klab8at
tycmar38,Tycer,Marion,203064127,Marion.Tycer@nowhere.com,c3raty8m,8cta3myr,m8rat3cy
majpie17,Majmundar,Piedad,2007046241,Piedad.Majmundar@nowhere.com,aejm1p7i,jmip7ae1,j7ie1mpa
poptie40,Popowski,Tiesha,206140500,Tiesha.Popowski@nowhere.com,ip40eopt,po04itpe,4ipo0tep
perlav84,Perr,Laveta,2081252014,Laveta.Perr@nowhere.com,p8era4vl,p48rveal,repl4va8
watjul34,Watland,Juliana,200113418,Juliana.Watland@nowhere.com,4u3awljt,3utwjl4a,43uwajtl
mahday61,Mahanna,Daysi,2003869325,Daysi.Mahanna@nowhere.com,mh1ya6ad,adh16may,had1m6ay
leyval68,Leyson,Valda,202497959,Valda.Leyson@nowhere.com,lvlyae86,e8l6vayl,e6l8vayl
jerwil07,Jerich,Willow,2028189918,Willow.Jerich@nowhere.com,wirj70le,jr7lwei0,7e0wrlij
meeorv81,Meegan,Orville,201414665,Orville.Meegan@nowhere.com,m81roeev,8oe1vrem,1voere8m
gialas96,Giallorenzo,Lashawna,205002508,Lashawna.Giallorenzo@nowhere.com,a6l9iags,aila9g6s,igl6saa9
penand18,Pensinger,Andrea,2000066001,Andrea.Pensinger@nowhere.com,en8d1pna,8apen1dn,d1a8nnpe
rumber16,Rumore,Bertie,204468855,Bertie.Rumore@nowhere.com,b61uermr,61rbuemr,1m6buerr
dosine74,Dossett,Inez,2038286045,Inez.Dossett@nowhere.com,,d7n4ioes,osi4n7ed
marjod92,Marcano,Jody,200937819,Jody.Marcano@nowhere.com,moadr9j2,drm9ao2j,j2rmd9ao
pescar78,Pessin,Carmina,200792568,Carmina.Pessin@nowhere.com,a7p8ercs,s8e7pcra,7es8crpa
decjoh11,Deckelman,John,206590557,John.Deckelman@nowhere.com,h1ocj1de,eod1hcj1,od11jhce
plisha77,Pliler,Sharan,2088708941,Sharan.Pliler@nowhere.com,7pih7als,ha77silp,phs7i7la
fousho41,Foux,Shondra,207495898,Shondra.Foux@nowhere.com,f4suho1o,uos4fo1h,os4hou1f
kincat41,Kinman,Catheryn,2076281816,Catheryn.Kinman@nowhere.com,i1n4tkac,4ctaik1n,itcna4k1
bibkri25,Bibeau,Kristin,2031839687,Kristin.Bibeau@nowhere.com,bbr2i5ik,ii5brk2b,brbi2i5k
legdio15,Leggins,Dionne,203808785,Dionne.Leggins@nowhere.com,ogdel15i,g5lid1eo,1dg5olie
lanyes30,Lantzy,Yesenia,201008379,Yesenia.Lantzy@nowhere.com,anl0sey3,nl0a3eys,nyesa03l
samlui53,Sampang,Luis,2013493954,Luis.Sampang@nowhere.com,u53alsim,as3ulmi5,mls35uia
almeme02,Almstead,Emerald,209836121,Emerald.Almstead@nowhere.com,lmae0e2m,e2m0meal,2maeeml0
bellat38,Belter,Latesha,208799482,Latesha.Belter@nowhere.com,8llet3ba,llb3t8ea,3a8lelbt
gammee54,Gamero,Mee,2049413649,Mee.Gamero@nowhere.com,emamg45e,gmea5me4,e45mgema
sersha77,Serandos,Shaquana,2035769081,Shaquana.Serandos@nowhere.com,esh7ars7,sr7aehs7,e7a7rssh
hokkat39,Hokanson,Kati,205475462,Kati.Hokanson@nowhere.com,3kka9oth,3ha9okkt,ta9ohkk3
bagwil57,Bagwell,Wilbur,202859148,Wilbur.Bagwell@nowhere.com,5gawil7b,7w5ibagl,5bgawl7i
macart01,Macola,Arthur,2040563331,Arthur.Macola@nowhere.com,mta0r1ca,amr1t0ca,a1m0crat
ortkar82,Ortiz,Karissa,205623519,Karissa.Ortiz@nowhere.com,rt2k8aor,2rot8akr,8r2ratok
yarjoa51,Yarnell,Joann,202720984,Joann.Yarnell@nowhere.com,yaar5o1j,1yaajr5o,yjoa1ar5
findom62,Finch,Domingo,202588573,Domingo.Finch@nowhere.com,mfd6no2i,ind2fom6,odnim2f6
bloeli22,Bloodsworth,Elizabeth,204411592,Elizabeth.Bloodsworth@nowhere.com,oei2b2ll,lio2l2eb,o22lblei
kahkat17,Kahler,Kattie,2075896268,Kattie.Kahler@nowhere.com,ktkh1a7a,h71atakk,17aahtkk
boasha11,Boardwine,Sharda,202294108,Sharda.Boardwine@nowhere.com,a1bh1sao,oha1ab1s,basa11oh
merern52,Merritt,Ernestina,2050507526,Ernestina.Merritt@nowhere.com,e5rrn2em,eemnr5r2,2rr5eemn
alsbre39,Alsobrooks,Breana,2029083409,Breana.Alsobrooks@nowhere.com,9rb3easl,r3bl9aes,ael3s9rb
keavic97,Kearin,Vickie,200108640,Vickie.Kearin@nowhere.com,v7a9cike,i9v7acke,ka9v7eci
hacjam57,Hackbart,Jamila,2020723567,Jamila.Hackbart@nowhere.com,jmcaah57,ahjm7ca5,aaj7c5hm
bibshe26,Bibb,Shemika,2087831042,Shemika.Bibb@nowhere.com,s6ieb2hb,shi2ebb6,bh26isbe
lacbru37,Lacatena,Bruce,209125047,Bruce.Lacatena@nowhere.com,cu3ralb7,3rculba7,bc73raul
fartia83,Farrel,Tia,2012911379,Tia.Farrel@nowhere.com,8i3rftaa,aatfri38,ft3ari8a
corerm58,Correira,Erminia,201201354,Erminia.Correira@nowhere.com,re5mor8c,mo8re5cr,5c8errmo
holzof13,Holbrook,Zofia,2095228149,Zofia.Holbrook@nowhere.com,3lozf1oh,3zflh1oo,fh3lo1zo
drodan15,Droste,Dan,2055279250,Dan.Droste@nowhere.com,d5oa1dnr,a5d1dnro,d1anro5d
