mooste57,Moore,Stephanie,Stephanie.Moore@nowhere.com
bowamb69,Bowman,Amber,Amber.Bowman@nowhere.com
smilin94,Smith,Linda,Linda.Smith@nowhere.com
lowste57,Lowe,Stephanie,Stephanie.Lowe@nowhere.com
masjam73,Massey,James,James.Massey@nowhere.com
coocor77,Cook,Cory,Cory.Cook@nowhere.com
chaeli65,Charles,Elizabeth,Elizabeth.Charles@nowhere.com
horbri37,Horn,Bridget,Bridget.Horn@nowhere.com
lejoh005,Le,John,John.Le@nowhere.com
palgre92,Palmer,Gregory,Gregory.Palmer@nowhere.com
carsha64,Carroll,Shawn,Shawn.Carroll@nowhere.com
harjef67,Harmon,Jeff,Jeff.Harmon@nowhere.com
mcccor99,Mccarthy,Corey,Corey.Mccarthy@nowhere.com
wagamy64,Wagner,Amy,Amy.Wagner@nowhere.com
weacyn35,Weaver,Cynthia,Cynthia.Weaver@nowhere.com
harcha93,Harris,Charles,Charles.Harris@nowhere.com
cooang20,Cook,Angel,Angel.Cook@nowhere.com
brydav67,Bryant,David,David.Bryant@nowhere.com
leatin48,Leach,Tina,Tina.Leach@nowhere.com
robchr75,Roberson,Christopher,Christopher.Roberson@nowhere.com
