coojoh77,Cookis,Johnnie,201960331,Johnnie.Cookis@nowhere.com,7coho7oj,j77hocoo,jchooo77
domcar83,Domina,Carmine,203019043,Carmine.Domina@nowhere.com,mroc3ad8,ra3mod8c,modc8ra3
braedw58,Brachle,Edwardo,2061863132,Edwardo.Brachle@nowhere.com,ab85wedr,5d8raweb,wrad58be
fatlyl35,Fata,Lyle,2091505554,Lyle.Fata@nowhere.com,5lya3ltf,3ayfllt5,5tly3fla
impnel05,Impson,Nelson,200763788,Nelson.Impson@nowhere.com,ei0lpn5m,0epminl5,mp5nel0i
levjoa61,Levenhagen,Joaquin,205533225,Joaquin.Levenhagen@nowhere.com,,v6aoj1el,avljo1e6
treror14,Tregan,Rory,2025862814,Rory.Tregan@nowhere.com,re1rotr4,1rrr4eot,rtr4oe1r
zeimer35,Zeinert,Merlyn,209034531,Merlyn.Zeinert@nowhere.com,zereim35,r5miez3e,riezm53e
padlat96,Padillia,Latanya,203044154,Latanya.Padillia@nowhere.com,,6adl9tap,apa6lt9d
mccjea56,Mcclester,Jeanetta,200595514,Jeanetta.Mcclester@nowhere.com,mjac5ec6,65cjeacm,j6mcace5
truqui87,Trude,Quinton,202368072,Quinton.Trude@nowhere.com,tiq7r8uu,u7u8qrti,ur7uqti8
cardin46,Carthew,Dinah,204791819,Dinah.Carthew@nowhere.com,nri4cda6,radcn4i6,cn4id6ar
hofdan61,Hoffmaster,Daniell,209620773,Daniell.Hoffmaster@nowhere.com,nhof1da6,dhn1f6ao,oa6h1nfd
sandor66,Sandercock,Dorris,209902603,Dorris.Sandercock@nowhere.com,a6no6rsd,rso66nda,66nsdrao
dricla07,Driere,Clarence,2057521100,Clarence.Driere@nowhere.com,lradci07,c07rliad,calid0r7
bracha04,Brambila,Chan,2079779427,Chan.Brambila@nowhere.com,brh0caa4,arcb0a4h,abrca04h
valjul34,Vallangeon,Julia,209448902,Julia.Vallangeon@nowhere.com,3uj4vlla,avl4j3lu,j43ulval
summyo42,Summerlot,Myong,209190195,Myong.Summerlot@nowhere.com,umsmy24o,ms4my2uo,mosmy24u
matchi47,Matrone,Chin,203577407,Chin.Matrone@nowhere.com,74tcmhia,imh4ct7a,cha4tmi7
zumard24,Zumpfe,Ardelle,2058070433,Ardelle.Zumpfe@nowhere.com,zurd4ma2,muzd2ra4,rzmua4d2
flefra69,Fleischer,Frankie,2055235511,Frankie.Fleischer@nowhere.com,rfa6l9fe,6fefra9l,leaf9r6f
beljer74,Belfast,Jerome,2011484990,Jerome.Belfast@nowhere.com,eb4lr7je,l4ebr7je,jbe47rel
hersal98,Herling,Sallie,208938109,Sallie.Herling@nowhere.com,ar8h9els,he8alrs9,s9hr8ale
alcdan35,Alcantar,Dania,2026711732,Dania.Alcantar@nowhere.com,cn5ald3a,nlcad35a,cl5naad3
hartri95,Harrison,Trish,201304111,Trish.Harrison@nowhere.com,5irahrt9,rh59tiar,rt9hair5
cumjea97,Cumbaa,Jeanice,2024776750,Jeanice.Cumbaa@nowhere.com,7cm9eauj,ecm97uja,7maj9cue
kalmel92,Kallam,Melody,206082250,Melody.Kallam@nowhere.com,2me9klla,lakel29m,la9klme2
ledlee42,Ledwith,Leeann,201205523,Leeann.Ledwith@nowhere.com,4eledl2e,edl2ee4l,e4dee2ll
sloste07,Sloanes,Steven,205351589,Steven.Sloanes@nowhere.com,teos7l0s,so0l7tse,l0stoes7
brodar57,Brookens,Darline,202396936,Darline.Brookens@nowhere.com,ba7rdro5,dr57rbao,rrabd75o
canste62,Canetta,Stephenie,2024505983,Stephenie.Canetta@nowhere.com,2cntase6,cn62seta,6asnt2ec
quimar90,Quirke,Margarita,206925215,Margarita.Quirke@nowhere.com,rm09iaqu,u09mraqi,umr0ai9q
schlad79,Schaffter,Ladawn,209807703,Ladawn.Schaffter@nowhere.com,ahs7ld9c,9hdcals7,7cahdl9s
leamir78,Leavenworth,Mirian,207436868,Mirian.Leavenworth@nowhere.com,mrle7a8i,8ma7ielr,8m7irlae
rosshe74,Roso,Sheilah,200684222,Sheilah.Roso@nowhere.com,4s7oeshr,s7r4sheo,hor7es4s
halboo52,Halo,Booker,205800496,Booker.Halo@nowhere.com,oolba52h,ola5hb2o,olbha2o5
poylor62,Poynor,Lorenzo,2074787651,Lorenzo.Poynor@nowhere.com,r62olpoy,py6oolr2,p2rol6yo
toofra73,Toolson,Franklin,204037005,Franklin.Toolson@nowhere.com,to7froa3,rootaf37,3f7atoro
mannat89,Manard,Natalie,205120080,Natalie.Manard@nowhere.com,m8na9tna,9an8amnt,9na8amtn
grapip18,Granstaff,Piper,207628159,Piper.Granstaff@nowhere.com,a8rppgi1,p8ai1grp,r8pa1gpi
powmic52,Powderly,Mickey,2084907623,Mickey.Powderly@nowhere.com,micp5w2o,i25wopcm,o2cpmi5w
feaome55,Fearn,Omer,200127796,Omer.Fearn@nowhere.com,ofeme55a,5a5eefmo,moee5f5a
stalea67,Stancill,Leanora,2080633083,Leanora.Stancill@nowhere.com,76eastla,t7laes6a,ast67eal
suljud60,Sulzman,Jude,202440438,Jude.Sulzman@nowhere.com,0duj6lus,6uu0sdlj,0ujd6usl
antjam35,Antee,Jammie,2010861696,Jammie.Antee@nowhere.com,a35majtn,mjn3aat5,anma5jt3
ostroy36,Ostrander,Royal,206791596,Royal.Ostrander@nowhere.com,36trsoyo,3or6tsoy,osty6r3o
bedcle29,Bedocs,Clementina,200142980,Clementina.Bedocs@nowhere.com,e92delcb,d2lebe9c,c2el9ebd
hadmar76,Hadaller,Marsha,2058409936,Marsha.Hadaller@nowhere.com,76arhdma,d6hamra7,md6h7raa
elmlak12,Elm,Lakenya,200680615,Lakenya.Elm@nowhere.com,el2mk1la,lm1lake2,kal1mle2
pervit38,Pere,Vita,2001247604,Vita.Pere@nowhere.com,pterv8i3,3er8vitp,3vr8itep
paslyn96,Paskin,Lynelle,202682848,Lynelle.Paskin@nowhere.com,a6nlpsy9,yn9asp6l,pl9nsy6a
milgar59,Milius,Garland,208113951,Garland.Milius@nowhere.com,irml95ga,im5ga9lr,ga9rm5li
monyvo72,Mondoza,Yvone,2096771127,Yvone.Mondoza@nowhere.com,oy7nm2ov,vymo72no,yomvn7o2
brorub43,Brosious,Rubie,2099152043,Rubie.Brosious@nowhere.com,bo3rurb4,43rboubr,bbru4r3o
docaug37,Docimo,Augusta,2071277522,Augusta.Docimo@nowhere.com,go3ua7dc,udco7ag3,ca7dug3o
lukfra46,Luksa,Frank,2073685222,Frank.Luksa@nowhere.com,kalr4fu6,rlu4kf6a,ak46lfur
runpre94,Rundquist,Precious,2046945059,Precious.Rundquist@nowhere.com,pru4er9n,e4pur9rn,
cruend58,Crunkleton,Enda,204864264,Enda.Crunkleton@nowhere.com,dce8nur5,58nrcude,end85urc
rouern44,Rounkles,Ernie,209935504,Ernie.Rounkles@nowhere.com,rrneou44,rnu44oer,uo4r4ner
adanak31,Adames,Nakia,208485124,Nakia.Adames@nowhere.com,3aaank1d,nk1aad3a,3n1dkaaa
broona85,Browe,Ona,2033824384,Ona.Browe@nowhere.com,oanbr58o,ar8onbo5,85rnoaob
cormar32,Cordwell,Marx,2085704708,Marx.Cordwell@nowhere.com,rm3r2aoc,m3r2acor,r2omc3ar
beroti75,Berlinski,Otilia,200025030,Otilia.Berlinski@nowhere.com,75reotib,irob7e5t,o7itber5
hedevi99,Hedeiros,Evita,2000175557,Evita.Hedeiros@nowhere.com,de99vhei,,ei9hde9v
khiaug33,Khiev,Augustus,2022218461,Augustus.Khiev@nowhere.com,a3ukhg3i,hgak3u3i,ah3iu3kg
druver19,Drumwright,Vernon,200387347,Vernon.Drumwright@nowhere.com,1vedr9ru,vdur19er,vde1rru9
penber13,Penatac,Bernetta,2003414949,Bernetta.Penatac@nowhere.com,bn3rp1ee,3r1bepne,1rpbe3ne
monbla64,Mongiovi,Blanch,2064640599,Blanch.Mongiovi@nowhere.com,olabmn46,bn6o4mal,nomab4l6
medtim01,Medill,Timmy,2072356084,Timmy.Medill@nowhere.com,1medim0t,01mdmiet,mei0dm1t
khephy98,Khensamphanh,Phyllis,208454166,Phyllis.Khensamphanh@nowhere.com,98yehpkh,ph8ky9eh,9e8hphky
savaud65,Savageau,Audria,203080434,Audria.Savageau@nowhere.com,auadsv56,v6dsua5a,dvua5sa6
hinkat48,Hinderman,Kathey,208314177,Kathey.Hinderman@nowhere.com,ta4hkn8i,a8ki4hnt,it48anhk
mckcar77,Mckerchie,Carolin,2090714235,Carolin.Mckerchie@nowhere.com,k7r7acmc,cmacr7k7,kmrcac77
monush30,Monz,Usha,2028170678,Usha.Monz@nowhere.com,nhou3s0m,s0mnuoh3,nohsu03m
petker86,Petrash,Kerry,2090063673,Kerry.Petrash@nowhere.com,k8pere6t,kpe68ert,rtee6k8p
fleive99,Flener,Ivelisse,2096070486,Ivelisse.Flener@nowhere.com,eiev9l9f,9veel9fi,e9evi9fl
holkei59,Holtzman,Keith,208212119,Keith.Holtzman@nowhere.com,5kihloe9,lohe95ki,9kie5ohl
trunei77,Trundy,Neida,204188346,Neida.Trundy@nowhere.com,rin7etu7,erint77u,tun7e7ri
shaka035,Shaddix,Ka,2022494867,Ka.Shaddix@nowhere.com,as0a5k3h,aaks53h0,5kaa3hs0
lefelv78,Leffers,Elvia,2075972326,Elvia.Leffers@nowhere.com,fle87evl,7le8vfel,7lvefe8l
defode96,Defeo,Odette,2067233983,Odette.Defeo@nowhere.com,ofd9d6ee,6odfd9ee,eodd6fe9
lunfid87,Lundahl,Fidelia,2097782697,Fidelia.Lundahl@nowhere.com,l8ud7nfi,flu87nid,7iu8dfln
gasdar07,Gastelo,Daryl,208260797,Daryl.Gastelo@nowhere.com,adrs7g0a,ra0g7das,ra7agsd0
stclor15,Stchur,Loris,2069851134,Loris.Stchur@nowhere.com,rcst1lo5,rtc1sol5,1otrlcs5
akwmar43,Akwei,Maryanne,2064885311,Maryanne.Akwei@nowhere.com,4aka3rwm,r34akamw,3mw4raak
garshi12,Garder,Shirely,2085546913,Shirely.Garder@nowhere.com,iha2sr1g,risah12g,rgahi12s
tlatar24,Tlatenchi,Tarsha,205165574,Tarsha.Tlatenchi@nowhere.com,tltr4aa2,2tarl4ta,rttaa2l4
madaur05,Madge,Aurore,2082445111,Aurore.Madge@nowhere.com,5rdumaa0,umra05da,0m5uarda
prvmar28,Prvitt,Marshall,201735558,Marshall.Prvitt@nowhere.com,28mravrp,vra8r2mp,vm8r2par
alejoy10,Alessandrini,Joy,206208926,Joy.Alessandrini@nowhere.com,oely10aj,l0oy1aje,ejay01lo
reijen36,Reichman,Jenna,202933142,Jenna.Reichman@nowhere.com,3irjne6e,ren63ije,nj3iere6
waslas02,Waskin,Lashawnda,2078860149,Lashawnda.Waskin@nowhere.com,sl2ws0aa,s0wa2las,waa2sls0
ponalt60,Ponti,Altagracia,207323064,Altagracia.Ponti@nowhere.com,0t6laopn,tpnoal60,atop6l0n
laifre61,Laich,Freddy,2054924511,Freddy.Laich@nowhere.com,lfiea1r6,fi1ealr6,6lfra1ie
latjol81,Latos,Joline,200020195,Joline.Latos@nowhere.com,1jlat8ol,lt8olja1,8jlalot1
ferlor40,Ferman,Lorriane,203958203,Lorriane.Ferman@nowhere.com,rel0f4or,4o0errlf,0frorel4
endkri67,Enders,Krishna,200668852,Krishna.Enders@nowhere.com,6n7dikre,i6ekrn7d,dn6irke7
bojmar09,Bojorquez,Margarita,2060919212,Margarita.Bojorquez@nowhere.com,bj9ma0or,0ajomrb9,jaor9mb0
rynkar65,Ryner,Karole,202150380,Karole.Ryner@nowhere.com,r5yarn6k,5y6rrakn,nk6rayr5
possam29,Pospisil,Samella,202804804,Samella.Pospisil@nowhere.com,ssam29op,aso2mps9,sm2p9aos
grawin25,Graniero,Winnie,2090429992,Winnie.Graniero@nowhere.com,awrni25g,nwarg5i2,2girna5w
bloant16,Blowers,Antonietta,2075964896,Antonietta.Blowers@nowhere.com,tol6ban1,lo6ntb1a,nt6la1bo
belche13,Belvees,Cheryl,208201531,Cheryl.Belvees@nowhere.com,cl3bhee1,elh1e3cb,ec1bhl3e
blaart63,Blanko,Arthur,2063942168,Arthur.Blanko@nowhere.com,3l6btraa,l3b6raat,art3al6b
pelhed44,Pellegrin,Hedwig,200871840,Hedwig.Pellegrin@nowhere.com,dpe4elh4,4ehpd4le,el44hepd
lavria48,Lavern,Ria,2055676473,Ria.Lavern@nowhere.com,iavl4a8r,va4rlia8,a4vrl8ai
saglat13,Sagastume,Latia,2001631704,Latia.Sagastume@nowhere.com,ag3tasl1,3ag1atls,3tas1gal
brujen69,Brunelle,Jene,2016097687,Jene.Brunelle@nowhere.com,6uneb9rj,r69ubnje,jner9bu6
taddeb40,Tademy,Debbi,206162080,Debbi.Tademy@nowhere.com,ab4td0de,tbdda40e,4atddb0e
legtru41,Legat,Trudie,205728201,Trudie.Legat@nowhere.com,4tlrge1u,uge4tl1r,u4r1eglt
plarob48,Platts,Robby,2068918107,Robby.Platts@nowhere.com,4raolbp8,84aoplbr,ol4ba8pr
idrama37,Idris,Amanda,201369031,Amanda.Idris@nowhere.com,i7adra3m,amd3a7ri,mdi7a3ra
livadr46,Liverman,Adriane,200888294,Adriane.Liverman@nowhere.com,i6ar4lvd,rdilv46a,
nowcar40,Nowell,Carma,207414501,Carma.Nowell@nowhere.com,40wraocn,nwa0cro4,0ncaowr4
dilsam85,Diltz,Sammy,2036267527,Sammy.Diltz@nowhere.com,8las5dmi,ai8sl5md,5m8silda
gesmal26,Gesualdo,Malika,2080074122,Malika.Gesualdo@nowhere.com,6mgales2,seagml26,msg2la6e
dilkar32,Dillman,Karima,207482361,Karima.Dillman@nowhere.com,rdaik3l2,23iakldr,ardkli23
mosste69,Moscicki,Stephane,200501863,Stephane.Moscicki@nowhere.com,t9m6esso,stsom9e6,9mtseos6
soutam29,South,Tammera,205216725,Tammera.South@nowhere.com,tosa29mu,u9mtoa2s,aums2t9o
rakoda45,Rakoski,Oda,200336111,Oda.Rakoski@nowhere.com,krdaa4o5,r5ao4akd,kraa4d5o
tigosc74,Tigue,Oscar,205586358,Oscar.Tigue@nowhere.com,ot7cigs4,ig4sc7to,stco7g4i
sustyr77,Suskay,Tyree,207671084,Tyree.Suskay@nowhere.com,str7ys7u,yust7sr7,u7tyrs7s
bignam74,Bigley,Nam,201069434,Nam.Bigley@nowhere.com,abg7imn4,ingm74ab,n47igmab
lanlin15,Lanning,Linsey,2059353296,Linsey.Lanning@nowhere.com,ani5n1ll,1nn5lali,alil15nn
possha53,Postlethwait,Sharen,2024511339,Sharen.Postlethwait@nowhere.com,p5haos3s,5apshso3,35hpsosa
cotdix47,Cotey,Dixie,202512332,Dixie.Cotey@nowhere.com,74otxcid,7iodctx4,tio4dx7c
krever79,Kreitz,Verdie,205150999,Verdie.Kreitz@nowhere.com,7ere9vrk,9reer7kv,errv7ek9
verpab13,Verma,Pablo,2063078902,Pablo.Verma@nowhere.com,pvr1aeb3,1berpa3v,prae3vb1
degger06,Degan,Gertha,2020119869,Gertha.Degan@nowhere.com,0rdgeeg6,gee60rgd,eggd0er6
vanhen07,Vanderwood,Henry,204461231,Henry.Vanderwood@nowhere.com,vn7he0na,7ehnvan0,hea0vn7n
turmic66,Turman,Michel,2087817660,Michel.Turman@nowhere.com,i6uc6tmr,rcmt66ui,irmtuc66
casele99,Cashon,Eleonore,2044429659,Eleonore.Cashon@nowhere.com,clese9a9,eac9se9l,9l9ecesa
fanmad33,Faniel,Madelaine,2071645553,Madelaine.Faniel@nowhere.com,amdna3f3,3amnafd3,fmda33an
yetsil04,Yetsko,Silvana,206665979,Silvana.Yetsko@nowhere.com,e40ilsyt,l0tiyse4,syei40lt
dejmau56,Deja,Maura,2093408307,Maura.Deja@nowhere.com,mju56ade,m6jau5ed,d5emj6ua
hondes39,Honchul,Despina,2071350932,Despina.Honchul@nowhere.com,3hdes9no,snhe9o3d,nsdhe9o3
matrob95,Matacale,Robby,2018994315,Robby.Matacale@nowhere.com,9raobtm5,t5a9omrb,o95mbrta
eleshe08,Elenbaas,Shelia,205405919,Shelia.Elenbaas@nowhere.com,eh0l8ees,0eeles8h,eel8s0he
garsan58,Gartz,Santana,2019605597,Santana.Gartz@nowhere.com,5g8sanar,sr5agn8a,a5asrg8n
corter62,Corsini,Tereasa,2050488930,Tereasa.Corsini@nowhere.com,r62orcet,6rcreo2t,ter6r2co
crobar40,Crofutt,Barbera,2040885373,Barbera.Crofutt@nowhere.com,raocr40b,4rb0raco,rr4boca0
sinrod93,Sindorf,Rodrigo,2068194122,Rodrigo.Sindorf@nowhere.com,n3dsi9or,3nroid9s,rs9dnio3
bukela51,Bukovsky,Ela,205869389,Ela.Bukovsky@nowhere.com,a5bkeu1l,abkelu15,luak15eb
bolcai01,Boliek,Caitlin,200667354,Caitlin.Boliek@nowhere.com,b10olica,1c0oilba,oi0lcab1
brisud53,Briles,Sudie,201479521,Sudie.Briles@nowhere.com,d35urisb,sdui5rb3,3brds5iu
fidpea98,Fida,Pearly,204237079,Pearly.Fida@nowhere.com,9e8dapif,8pifa9de,pi8fae9d
minjoa50,Minear,Joanne,201257915,Joanne.Minear@nowhere.com,5am0nioj,jnm0io5a,o5amn0ij
norwin55,Nordine,Winford,2095803605,Winford.Nordine@nowhere.com,5nniorw5,nwon55ir,io5nw5rn
safper93,Saffel,Perla,2056831391,Perla.Saffel@nowhere.com,f3e9arsp,3asfpre9,s3raep9f
porsha40,Porta,Sha,2011968561,Sha.Porta@nowhere.com,p0hsra4o,paro40sh,psor0h4a
schsel85,Schupp,Selene,207852629,Selene.Schupp@nowhere.com,hss8lce5,8lscs5eh,85sslhce
dabthu16,Dabney,Thuy,200177535,Thuy.Dabney@nowhere.com,at1uhb6d,tu1dhab6,haut61db
silspr44,Sillitoe,Spring,2047154639,Spring.Sillitoe@nowhere.com,iss44prl,i4s4lpsr,ip4lrs4s
wesnan46,Westermeier,Nancy,2093670071,Nancy.Westermeier@nowhere.com,4sawenn6,asen4n6w,nw6aesn4
craama58,Crandall,Amanda,2088489243,Amanda.Crandall@nowhere.com,r8aamac5,carm5a8a,cram58aa
pastre77,Pascoe,Treasa,2014997809,Treasa.Pascoe@nowhere.com,7esrapt7,seta7pr7,s7tpare7
doocec07,Doornbos,Cecila,2056526099,Cecila.Doornbos@nowhere.com,coeo70cd,e0cdcoo7,codoc70e
polchr00,Poland,Christene,200886647,Christene.Poland@nowhere.com,c0horl0p,0o0pchrl,p0hr0loc
hoeeva38,Hoelter,Eva,2056509396,Eva.Hoelter@nowhere.com,evhae8o3,h83oeave,o3vh8eea
minwai39,Mincer,Wai,2088488147,Wai.Mincer@nowhere.com,wa93nimi,aw9in3im,aiwnim93
kumdai10,Kumlander,Daina,206322677,Daina.Kumlander@nowhere.com,1kduia0m,i10umkda,10akdumi
thawil99,Tharaldson,Willis,2061746733,Willis.Tharaldson@nowhere.com,ah9ti9lw,hwl9ti9a,atli9wh9
dussha33,Dushaj,Shakita,2023825170,Shakita.Dushaj@nowhere.com,u3dahs3s,3sdusha3,sadu3h3s
englyn44,Englert,Lynnette,200281248,Lynnette.Englert@nowhere.com,egnyl44n,gen4ynl4,y44elgnn
whehul24,Wherley,Hulda,2014018899,Hulda.Wherley@nowhere.com,2ul4hewh,4lu2hweh,lhuweh24
lippre51,Lipper,Preston,2014011350,Preston.Lipper@nowhere.com,pelp1i5r,p5l1pire,rp15peli
lisell17,Liskiewicz,Elliott,2005193838,Elliott.Liskiewicz@nowhere.com,llsil1e7,s7ilel1l,17slllie
comros32,Commander,Rosalee,202496589,Rosalee.Commander@nowhere.com,ocmo23rs,ocm3or2s,o3o2mrsc
sawhel45,Sawka,Helga,203368295,Helga.Sawka@nowhere.com,eslw54ah,whsa4l5e,hl5swe4a
deneli31,Denyes,Elisa,204427803,Elisa.Denyes@nowhere.com,denl3ei1,3d1eenli,lni1de3e
mirmai04,Miracle,Maia,203479986,Maia.Miracle@nowhere.com,m0imia4r,ai0im4rm,0miam4ri
stedan51,Stem,Dannette,2059936195,Dannette.Stem@nowhere.com,a51dntse,ast15dne,adnes15t
flumau27,Flueck,Maud,201315732,Maud.Flueck@nowhere.com,aufl7m2u,2fulmua7,7a2fuulm
cruant09,Cruthird,Antoinette,202874499,Antoinette.Cruthird@nowhere.com,tu0ar9cn,utc9na0r,ar0c9ntu
chechr34,Chemell,Christen,201374481,Christen.Chemell@nowhere.com,hh4c3ecr,hcr43ech,crch4he3
newkat44,Newcomer,Kathern,2058564829,Kathern.Newcomer@nowhere.com,tewn4ak4,tew4nak4,tnekw4a4
janbri02,January,Britany,2011733813,Britany.January@nowhere.com,ari2n0bj,rijbn02a,nbria20j
faltra05,Faldyn,Tracy,2023436554,Tracy.Faldyn@nowhere.com,arfalt50,rfl0ata5,t0fl5raa
permab62,Perrella,Mabel,2024423960,Mabel.Perrella@nowhere.com,epar62bm,mep6bar2,arpb6em2
froeun91,Froncek,Eun,2028564111,Eun.Froncek@nowhere.com,no9freu1,o1refun9,uo1er9nf
caslea41,Casmore,Leanna,2079266420,Leanna.Casmore@nowhere.com,cl1a4ase,1l4aceas,ec4slaa1
maltil15,Malett,Tilda,201927401,Tilda.Malett@nowhere.com,1lal5itm,5lmt1ila,15limtla
bareff56,Baral,Effie,206387218,Effie.Baral@nowhere.com,bfrfea65,f6arfe5b,e6bfafr5
minwal08,Minor,Waldo,204968905,Waldo.Minor@nowhere.com,la8in0mw,w08anmli,ial0mw8n
schtal04,Schiele,Talisha,2092821489,Talisha.Schiele@nowhere.com,tlcsha04,clhs4t0a,a40tlhsc
destwy68,Desjardins,Twyla,203157594,Twyla.Desjardins@nowhere.com,sdy8w6et,68dsytew,yt8wd6se
faredm83,Faraimo,Edmundo,2042725062,Edmundo.Faraimo@nowhere.com,3mdr8aef,fam8der3,rm8afe3d
treade28,Tresca,Adelaida,207602291,Adelaida.Tresca@nowhere.com,r2a8eedt,re8t2aed,8a2tdeer
feeche61,Feela,Chelsea,201786508,Chelsea.Feela@nowhere.com,61eceefh,ceh6ee1f,16eefceh
ferbra46,Fernow,Bradford,2041766231,Bradford.Fernow@nowhere.com,re46bfar,e6b4rarf,farb4e6r
tutjae95,Tuthill,Jae,2091218156,Jae.Tuthill@nowhere.com,tj9tu5ae,eu9jat5t,e9j5tuta
kercar90,Kerins,Carlyn,200465535,Carlyn.Kerins@nowhere.com,kcare0r9,cakrr90e,rkrc90ae
