cootam41,Cook,Tammie,Tammie.Cook@nowhere.com
rodpau41,Rodriguez,Paul,Paul.Rodriguez@nowhere.com
odocou28,Odonnell,Courtney,Courtney.Odonnell@nowhere.com
simalb96,Simpson,Albert,Albert.Simpson@nowhere.com
thoste65,Thomas,Steven,Steven.Thomas@nowhere.com
knomon08,Knox,Monica,Monica.Knox@nowhere.com
davzac00,Davis,Zachary,Zachary.Davis@nowhere.com
peaosc22,Pearson,Oscar,Oscar.Pearson@nowhere.com
bowcyn40,Bowers,Cynthia,Cynthia.Bowers@nowhere.com
garchr76,Gardner,Christopher,Christopher.Gardner@nowhere.com
walxav50,Walker,Xavier,Xavier.Walker@nowhere.com
guzang22,Guzman,Angela,Angela.Guzman@nowhere.com
olsgar90,Olson,Garrett,Garrett.Olson@nowhere.com
mcclis79,Mccoy,Lisa,Lisa.Mccoy@nowhere.com
rodcha76,Rodriguez,Charles,Charles.Rodriguez@nowhere.com
briemm00,Briggs,Emma,Emma.Briggs@nowhere.com
