chimar15,Chiodini,Marlena,204075976,Marlena.Chiodini@nowhere.com,ria5m1hc,ih1cra5m,miac5hr1
kylsee95,Kylish,Seema,200144510,Seema.Kylish@nowhere.com,selk5e9y,5esy9lek,s5k9yeel
dilemi85,Dilalla,Emilio,200376630,Emilio.Dilalla@nowhere.com,8m5ildie,eldi58mi,limdi8e5
huiyon99,Huiting,Yong,207270220,Yong.Huiting@nowhere.com,ny9h9iou,uh9ni9yo,i99uonhy
quieme47,Quinones,Emely,206087160,Emely.Quinones@nowhere.com,4euqme7i,qem47iue,qei7eu4m
corcar79,Corder,Carol,2067823528,Carol.Corder@nowhere.com,9arr7occ,r7cr9coa,7ar9occr
guiyee57,Guiao,Yee,202704633,Yee.Guiao@nowhere.com,7yeueig5,uiy7ge5e,ye5ig7eu
duttor48,Dutkiewicz,Torri,201020536,Torri.Dutkiewicz@nowhere.com,tdtu4or8,trto4u8d,tut4dor8
ulrsar84,Ulrey,Sarai,202784284,Sarai.Ulrey@nowhere.com,ar8lsu4r,4r8asurl,4rlaru8s
enteth70,Entwistle,Ethan,2090498852,Ethan.Entwistle@nowhere.com,7the0tne,ntet0he7,0nhte7te
kasave75,Kasel,Avery,2060098824,Avery.Kasel@nowhere.com,sva7ake5,5kva7ase,5aksae7v
amaand20,Amadeo,Andre,207070818,Andre.Amadeo@nowhere.com,a0na2amd,m0aaa2nd,ma2d0aan
padnie91,Padamadan,Niesha,209092223,Niesha.Padamadan@nowhere.com,1d9nieap,dnaeip91,ainpde19
pizjan03,Pizzuti,Jannette,2013732538,Jannette.Pizzuti@nowhere.com,pz3i0naj,zin0jp3a,
girdea14,Girardi,Deanne,200778432,Deanne.Girardi@nowhere.com,r4eid1ga,regdi14a,re14gdia
loucla02,Louissant,Claude,2040496446,Claude.Louissant@nowhere.com,laul20oc,aculo0l2,a0lluc2o
dotgay93,Doty,Gayle,2063655739,Gayle.Doty@nowhere.com,tyod9a3g,ogty9a3d,93gdatoy
kidsan47,Kidney,Santo,2098813812,Santo.Kidney@nowhere.com,nkis7d4a,4knia7sd,kads4ni7
heldea06,Helmbrecht,Deangelo,202677696,Deangelo.Helmbrecht@nowhere.com,60deheal,el6a0hde,6d0laehe
groizo19,Grossi,Izola,202786767,Izola.Grossi@nowhere.com,gi1rzo9o,zi19ogor,izr1g9oo
chapat88,Chari,Pattie,208293888,Pattie.Chari@nowhere.com,ctah88ap,thc8p8aa,8a8tcaph
gavmer92,Gavigan,Merrilee,2038482066,Merrilee.Gavigan@nowhere.com,ramgv9e2,9g2ermav,
vidspa93,Vidrine,Sparkle,2007203441,Sparkle.Vidrine@nowhere.com,vpda9is3,pdiv3a9s,vid9s3pa
agrshe25,Agrawal,Shella,2042244479,Shella.Agrawal@nowhere.com,e2rh5sag,gha52ser,ase2hr5g
locjos32,Locantore,Josef,2040437676,Josef.Locantore@nowhere.com,soj3clo2,coj2l3so,ls3co2oj
knevic15,Knezevich,Vickie,200601993,Vickie.Knezevich@nowhere.com,ink1e5vc,cevn1ki5,i1nce5kv
risalt22,Rissler,Altha,205419833,Altha.Rissler@nowhere.com,22italrs,2tl2rasi,2li2srat
galand83,Galeas,Andreas,2094553481,Andreas.Galeas@nowhere.com,3lgadna8,aa83ldgn,a38ndgla
sesala14,Sespinosa,Alane,2027657003,Alane.Sespinosa@nowhere.com,4a1sasel,se1a4als,l4sas1ae
pancar52,Pankau,Carman,2013738629,Carman.Pankau@nowhere.com,anr5c2ap,rcp25ana,parc52an
aumcla97,Auman,Clarice,206935604,Clarice.Auman@nowhere.com,9uam7cal,aal9c7mu,mlaua7c9
griken46,Grierson,Kenna,2002688885,Kenna.Grierson@nowhere.com,eg46ikrn,kign64re,6i4kgnre
kahdeo35,Kahaleua,Deon,209825992,Deon.Kahaleua@nowhere.com,d35oaehk,5edoh3ka,5hkeoa3d
rosnin47,Roscup,Ninfa,203061134,Ninfa.Roscup@nowhere.com,7rn4nosi,7snonr4i,sn7rio4n
finshi99,Finkelson,Shirly,201397474,Shirly.Finkelson@nowhere.com,h9i9nsfi,h9nii9sf,n9fi9his
dexshi67,Dexheimer,Shiela,206834128,Shiela.Dexheimer@nowhere.com,6id7esxh,i6desxh7,i7he6xds
inteli92,Interrante,Eliseo,2062218356,Eliseo.Interrante@nowhere.com,nilei92t,l9n2eiti,ie9nli2t
kultoi65,Kulbacki,Toi,2086723746,Toi.Kulbacki@nowhere.com,ikl6uo5t,oiktl5u6,iulo5k6t
blacri08,Blacksmith,Cris,203613775,Cris.Blacksmith@nowhere.com,calb80ir,arc8i0lb,08abcril
touela30,Tourtellotte,Elane,209025839,Elane.Tourtellotte@nowhere.com,ota3ule0,olte0ua3,ou0tlae3
rinlup70,Riney,Lupe,203147982,Lupe.Riney@nowhere.com,07upnilr,0i7ulpnr,n0rlip7u
geocon06,Georgeson,Conchita,2047799554,Conchita.Georgeson@nowhere.com,cngo6eo0,oco6n0ge,g6ooe0cn
lowcol48,Lowek,Colin,2080793326,Colin.Lowek@nowhere.com,lc4wol8o,wcl4o8ol,locl8wo4
sienom88,Sieck,Noma,2071524813,Noma.Sieck@nowhere.com,8e8nismo,88sinome,sinm88oe
eitlor59,Eitniear,Lorna,206075513,Lorna.Eitniear@nowhere.com,lr9t5ieo,toleir59,et95rilo
reiway14,Reisman,Wayne,200893421,Wayne.Reisman@nowhere.com,4riw1aey,ria1ye4w,eyir4a1w
reelak72,Ree,Lakeshia,208133534,Lakeshia.Ree@nowhere.com,ker7e2la,lea2r7ke,2lke7ear
wennat54,Wengreen,Natalia,206572185,Natalia.Wengreen@nowhere.com,ennwt45a,e4wan5tn,wn4te5na
dewdou27,Dewyse,Douglas,2071362207,Douglas.Dewyse@nowhere.com,72dowude,2ed7wodu,2udw7doe
patcel35,Patcher,Celsa,206729734,Celsa.Patcher@nowhere.com,talc53ep,pa5ctl3e,pac5t3el
cowgai18,Cowan,Gail,201929909,Gail.Cowan@nowhere.com,g8caowi1,awoi1gc8,a1gow8ic
ireala50,Ireland,Alaine,2071784791,Alaine.Ireland@nowhere.com,0lare5ia,rlia0ae5,eliar50a
sieval69,Sierer,Valentine,204071841,Valentine.Sierer@nowhere.com,ilseva96,v6leia9s,sai9e6vl
sirmag51,Siruta,Magan,209390713,Magan.Siruta@nowhere.com,ams5ig1r,im1sg5ra,a5s1irmg
ladnic85,Ladeau,Nicky,202752425,Nicky.Ladeau@nowhere.com,cid8la5n,a8d5icnl,cal5nd8i
tonmag25,Tonelson,Magan,2031655008,Magan.Tonelson@nowhere.com,ma52tong,mn2ga5to,tmang5o2
tatdio59,Tatman,Dion,208466947,Dion.Tatman@nowhere.com,oi9ttd5a,t9idto5a,tt5ioad9
dopjac77,Dopp,Jacquie,209629505,Jacquie.Dopp@nowhere.com,7ac7djpo,7c7opdaj,apojd7c7
rondes17,Ronson,Deshawn,208442676,Deshawn.Ronson@nowhere.com,7rs1doen,7oedr1sn,roe71sdn
tuljan49,Tullison,Janyce,201513467,Janyce.Tullison@nowhere.com,9tau4ljn,jul9ant4,l4nuajt9
pelvit43,Pelzer,Vita,206900398,Vita.Pelzer@nowhere.com,e4vptl3i,3etlvip4,eplvti34
honfel35,Honig,Felicia,200774729,Felicia.Honig@nowhere.com,eh35lfno,5h3noelf,h3onf5el
magdav60,Magistrale,David,205062942,David.Magistrale@nowhere.com,mv60daag,mgaavd06,60dagmav
matarl41,Matsushima,Arla,203791520,Arla.Matsushima@nowhere.com,a14lramt,l14mtaar,a1amr4lt
majcat81,Majmundar,Cathey,203173535,Cathey.Majmundar@nowhere.com,1amcj8ta,mj1a8tac,amaj18tc
karsha23,Kartman,Shantay,206990307,Shantay.Kartman@nowhere.com,ha3ask2r,aa3hskr2,kraa3hs2
tartas09,Tarpy,Tasha,2073366690,Tasha.Tarpy@nowhere.com,9ts0rata,9raatst0,ratsa9t0
jantra22,Jansson,Tracey,2029796813,Tracey.Jansson@nowhere.com,tn2ja2ra,jnat2ra2,j2a2atrn
kinine85,Kinard,Ines,2081458342,Ines.Kinard@nowhere.com,ke5nin8i,i5k8enni,8neniki5
ehlton90,Ehlen,Tona,2070394226,Tona.Ehlen@nowhere.com,o9tn0elh,90helont,lonh0t9e
scherr65,Schirm,Errol,2064374729,Errol.Schirm@nowhere.com,,6es5crhr,src5erh6
valmao52,Valen,Mao,205512583,Mao.Valen@nowhere.com,2v5maaol,5va2alom,mva5oal2
lugpet16,Lugg,Peter,203189226,Peter.Lugg@nowhere.com,lpeu1t6g,1lug6pte,1tleg6up
pedmar22,Pedro,Marguerita,2066620577,Marguerita.Pedro@nowhere.com,2r2mpade,me22adpr,m2repa2d
plyrey05,Plys,Reyna,208197362,Reyna.Plys@nowhere.com,r0lyepy5,0y5rpeyl,rye5lp0y
gecman60,Gechas,Manual,2003541642,Manual.Gechas@nowhere.com,e6mac0gn,g0mcnea6,cm60neag
breken19,Brez,Kendall,2046172621,Kendall.Brez@nowhere.com,b9ekenr1,1enbrek9,b9er1enk
rimbea60,Rimkus,Bea,208592100,Bea.Rimkus@nowhere.com,be6i0mra,mia6eb0r,ei6r0amb
tysdee74,Tyska,Deetta,2073132267,Deetta.Tyska@nowhere.com,yd4es7et,ste4d7ye,sye7ed4t
biesly93,Bierbrauer,Slyvia,2030852591,Slyvia.Bierbrauer@nowhere.com,ebs9iy3l,i93slbye,leyibs93
fonver41,Fones,Verla,2086710340,Verla.Fones@nowhere.com,r1onev4f,rfn1veo4,evfr4on1
zeldor36,Zellner,Dorcas,201754112,Dorcas.Zellner@nowhere.com,6zr3loed,dzero36l,zde6o3rl
belnel61,Bella,Nellie,2029239529,Nellie.Bella@nowhere.com,b6enll1e,ebel6nl1,lb6neel1
hawkat93,Hawkings,Kathryn,2019482604,Kathryn.Hawkings@nowhere.com,whta3k9a,kw3aht9a,a9wakt3h
colshe47,Collicott,Shela,2061036034,Shela.Collicott@nowhere.com,ohl47ces,lhsceo74,7o4elhsc
jakaki14,Jakobsen,Akilah,204567174,Akilah.Jakobsen@nowhere.com,aka1i4kj,kjiak1a4,a1kjaki4
hustis34,Husul,Tish,205187725,Tish.Husul@nowhere.com,shus3t4i,t4ius3hs,shis4ut3
plimar03,Plikerd,Marybelle,200061210,Marybelle.Plikerd@nowhere.com,lpmr3ia0,rmlp0ia3,r0pmlai3
fiedom94,Fiedtkou,Domonique,208835193,Domonique.Fiedtkou@nowhere.com,94fedmio,dfmoe4i9,d9ofemi4
masbur54,Mascaro,Burt,207963503,Burt.Mascaro@nowhere.com,r5suamb4,ubma5s4r,b5umras4
kosxio41,Koschnitzki,Xiomara,203395470,Xiomara.Koschnitzki@nowhere.com,kixso41o,oo4kis1x,o4k1xios
orafer61,Orange,Fermin,204474014,Fermin.Orange@nowhere.com,fr1o6ear,16freaor,fa1r6reo
kizelf31,Kizziar,Elfreda,209590271,Elfreda.Kizziar@nowhere.com,e1klizf3,lz1f3kei,ki3efzl1
laiene14,Lail,Eneida,201524734,Eneida.Lail@nowhere.com,l1ieane4,e14enlia,n1elaie4
zizeus94,Zizzo,Eusebio,203128705,Eusebio.Zizzo@nowhere.com,zu49szie,eu9i4zzs,z9e4uzsi
dallon70,Dalene,Long,2021707119,Long.Dalene@nowhere.com,0o7lnadl,oa7ld0ln,d7all0on
wysamb61,Wysocki,Amberly,200478849,Amberly.Wysocki@nowhere.com,mbw1sy6a,y1msw6ab,b61amswy
yazamo09,Yazzi,Amos,207113644,Amos.Yazzi@nowhere.com,90oayzma,yaoa0z9m,yoazm9a0
sowana43,Sowash,Ana,206107537,Ana.Sowash@nowhere.com,oaa3w4sn,4snwaa3o,nawo4as3
gordes60,Gorelick,Desiree,2052445753,Desiree.Gorelick@nowhere.com,rsoe6d0g,od6resg0,6d0gsore
jelhei00,Jellis,Heidi,205770796,Heidi.Jellis@nowhere.com,lieh0e0j,,jeh00iel
lauken82,Lautt,Kenyatta,201994059,Kenyatta.Lautt@nowhere.com,eak8l2nu,k8unlea2,uelkn8a2
jendor81,Jenkens,Dorathy,204954898,Dorathy.Jenkens@nowhere.com,r1eodj8n,one8j1rd,j18denro
saigeo46,Sainz,Georgann,2086837813,Georgann.Sainz@nowhere.com,e6aosg4i,e4gs6oai,aieo64sg
jurcat82,Jurasek,Catharine,207500363,Catharine.Jurasek@nowhere.com,t2cau8jr,uj2ratc8,rt8a2cju
bugfum53,Buggie,Fumiko,2014488347,Fumiko.Buggie@nowhere.com,gu5uf3mb,3gbuufm5,u53fugmb
dulhec50,Dullum,Hector,2097139731,Hector.Dullum@nowhere.com,lh5uec0d,5eh0ludc,ude5hl0c
kafkay28,Kafka,Kaye,208001170,Kaye.Kafka@nowhere.com,yakk8a2f,ak2ka8fy,kk2ya8af
zercyr09,Zerring,Cyril,2024467230,Cyril.Zerring@nowhere.com,zrc0rey9,0rr9zyce,9erczy0r
chokir21,Chockley,Kirstie,200190437,Kirstie.Chockley@nowhere.com,iho2krc1,ki1r2ohc,k2or1chi
hoeamm44,Hoeffner,Ammie,201668475,Ammie.Hoeffner@nowhere.com,m4eaho4m,o4m4ehma,emao4m4h
jurlup74,Jurgen,Lupe,201344003,Lupe.Jurgen@nowhere.com,j4plur7u,jlpu7r4u,luurp47j
holgen29,Holms,Geneva,2008697955,Geneva.Holms@nowhere.com,o29hlgne,ohenlg92,2e9gonhl
ospgai56,Ospina,Gail,202804676,Gail.Ospina@nowhere.com,ao5is6pg,asoi65gp,5ps6oiag
weibar54,Weishaupt,Barry,209016218,Barry.Weishaupt@nowhere.com,e5b4rawi,b4ie5rwa,reib4aw5
bajwes52,Bajko,Wes,207896317,Wes.Bajko@nowhere.com,jebs25aw,2sjab5we,52wasebj
sznyu188,Sznejkowski,Yu,2072556643,Yu.Sznejkowski@nowhere.com,81nsz8uy,zs18uyn8,z1u8nsy8
hubang22,Hubenthal,Angella,203848454,Angella.Hubenthal@nowhere.com,2nhugba2,ug2hba2n,2buna2gh
lamale35,Lamattina,Alethia,208452465,Alethia.Lamattina@nowhere.com,la35lmae,5ellm3aa,l3em5laa
hertom33,Hershaw,Tomeka,2029615036,Tomeka.Hershaw@nowhere.com,ehrt3mo3,m3throe3,hemto3r3
barzet42,Bartnett,Zetta,205557968,Zetta.Bartnett@nowhere.com,t2rzabe4,tr4b2eza,2r4btzea
delcon05,Delemos,Connie,2082463282,Connie.Delemos@nowhere.com,cdlo50en,ncd05loe,dln50eoc
leoelb15,Leoni,Elba,204854281,Elba.Leoni@nowhere.com,ee51llbo,elebl5o1,lloe1b5e
cubkal74,Cubbison,Kalyn,209904702,Kalyn.Cubbison@nowhere.com,u74kcbal,uk4a7blc,4auklc7b
polmab16,Polek,Mabel,2022165562,Mabel.Polek@nowhere.com,16almpbo,ml6bopa1,1aobml6p
murros37,Muros,Roselia,209326868,Roselia.Muros@nowhere.com,r3sumr7o,3sou7mrr,73rurosm
haathi81,Haase,Thi,2072500474,Thi.Haase@nowhere.com,i81athah,a1a8hthi,81haatih
tucard89,Tuczynski,Ardell,2094911286,Ardell.Tuczynski@nowhere.com,r9ctda8u,r9dacut8,t8ar9ucd
stekar68,Stenn,Karie,2012646600,Karie.Stenn@nowhere.com,8e6tasrk,etas8k6r,ta6res8k
miesha46,Miesen,Shawana,2086984294,Shawana.Miesen@nowhere.com,4s6ahmei,samih4e6,eshmai64
achevo89,Achor,Evon,2022312868,Evon.Achor@nowhere.com,a8v9ehco,e9ho8vca,av9eoh8c
baqson11,Baquet,Son,2022203964,Son.Baquet@nowhere.com,oab1qn1s,nasb1qo1,bno11sqa
cardel68,Cardoni,Delora,2028508866,Delora.Cardoni@nowhere.com,dar8c6le,ca6dl8er,eld8arc6
stibet16,Stille,Bettyann,2044877556,Bettyann.Stille@nowhere.com,ies6b1tt,i6e1tbts,bi1ts6et
syadan07,Syal,Danette,202747412,Danette.Syal@nowhere.com,7aydasn0,sany07da,ay0snd7a
cresol97,Crete,Sol,2061980371,Sol.Crete@nowhere.com,lr9e7ocs,olc79res,es7lroc9
