contan67,Conner,Tanner,Tanner.Conner@nowhere.com
balbru62,Ballard,Bruce,Bruce.Ballard@nowhere.com
whijac01,White,Jacob,Jacob.White@nowhere.com
leweri94,Lewis,Erin,Erin.Lewis@nowhere.com
leemel14,Lee,Melissa,Melissa.Lee@nowhere.com
clajen86,Clarke,Jennifer,Jennifer.Clarke@nowhere.com
mcljac23,Mclean,Jacob,Jacob.Mclean@nowhere.com
wadtim05,Wade,Timothy,Timothy.Wade@nowhere.com
thosta97,Thomas,Stacy,Stacy.Thomas@nowhere.com
robjul21,Robinson,Julie,Julie.Robinson@nowhere.com
marang16,Martinez,Angel,Angel.Martinez@nowhere.com
rodtro80,Rodriguez,Troy,Troy.Rodriguez@nowhere.com
mayjen17,Mayo,Jenna,Jenna.Mayo@nowhere.com
waltin21,Walker,Tina,Tina.Walker@nowhere.com
walcha97,Walker,Chad,Chad.Walker@nowhere.com
murjoy74,Murphy,Joy,Joy.Murphy@nowhere.com
gonric08,Gonzalez,Ricky,Ricky.Gonzalez@nowhere.com
garste15,Gardner,Stephanie,Stephanie.Gardner@nowhere.com
