karaza05,Karpen,Azalee,200674707,Azalee.Karpen@nowhere.com,azka0r5a,zaaakr50,z5aa0rka
plaagu59,Planagan,Agueda,202784795,Agueda.Planagan@nowhere.com,p5ala9ug,lagua95p,a9au5plg
kersta53,Kerslake,Stacy,2010983883,Stacy.Kerslake@nowhere.com,3rsakte5,ket53sra,atsk35er
stedee93,Steel,Deedee,2019710407,Deedee.Steel@nowhere.com,see93tde,tesd3ee9,tdes93ee
tolsha31,Tolosa,Sharda,201279623,Sharda.Tolosa@nowhere.com,thsa13lo,3la1shto,tlh1o3as
foelou87,Foesch,Louanne,2074747575,Louanne.Foesch@nowhere.com,7o8feoul,lfue8o7o,ofu8e7ol
genfay37,Gentile,Faye,2031483084,Faye.Gentile@nowhere.com,e3afgy7n,af7eng3y,efn7y3ag
bonste77,Bonsell,Stepanie,2075642510,Stepanie.Bonsell@nowhere.com,7ns7tboe,7o7stenb,os7tbn7e
mernik14,Merrihew,Nikole,208954691,Nikole.Merrihew@nowhere.com,4kn1meir,4mrneki1,rmn1ie4k
chrrho27,Chrestman,Rhona,202508469,Rhona.Chrestman@nowhere.com,ohrrh2c7,hhro27cr,c72rohhr
coadom12,Coates,Domenic,207437767,Domenic.Coates@nowhere.com,mdo2cao1,dcmooa12,m1ad2ooc
witjol31,Witmer,Jolene,204465759,Jolene.Witmer@nowhere.com,iojw3tl1,i3ojt1lw,3olwt1ji
neumar39,Neumeier,Marla,209085375,Marla.Neumeier@nowhere.com,e3a9mrnu,a3ruenm9,an3mur9e
pegmol44,Pegeron,Mollie,2053457556,Mollie.Pegeron@nowhere.com,4e4mpgol,gepmo44l,emg4l4op
vilbry21,Villecus,Bryanna,201389541,Bryanna.Villecus@nowhere.com,1b2rilvy,vyr12bil,lb21vyri
metgus44,Metsker,Gus,204160317,Gus.Metsker@nowhere.com,sgu4t4me,emut4g4s,e4gmstu4
becmar55,Beckelhimer,Marquetta,205227848,Marquetta.Beckelhimer@nowhere.com,crb5mea5,ab5mr5ec,mrcb5ae5
ritsas21,Rittenhouse,Sasha,200341993,Sasha.Rittenhouse@nowhere.com,s2rtia1s,ias2r1ts,ss1arti2
barjes00,Barie,Jessi,202331546,Jessi.Barie@nowhere.com,br0j0ase,ea0rjs0b,srb0a0je
delmck08,Delperdang,Mckinley,200308072,Mckinley.Delperdang@nowhere.com,mc0ked8l,kc0edl8m,kec80dml
forven45,Fortenberry,Venessa,207378120,Venessa.Fortenberry@nowhere.com,fo5n4rve,fnorv5e4,o5n4erfv
lehlar31,Leh,Lara,2045823100,Lara.Leh@nowhere.com,e1h3lrla,ae1r3lhl,r3ah1ell
cousig33,Couto,Signe,205575047,Signe.Couto@nowhere.com,u3si3gco,cusi3go3,c3ogu3si
camhye19,Campagna,Hye,2077497302,Hye.Campagna@nowhere.com,a9hyme1c,ema9h1yc,m91ahcye
snagai09,Snay,Gail,200674763,Gail.Snay@nowhere.com,aagn0is9,ia0gs9na,aiansg09
ortran10,Ortman,Randy,2060377365,Randy.Ortman@nowhere.com,rtna1or0,rat0nr1o,atr1n0ro
porken82,Porat,Kenya,206495755,Kenya.Porat@nowhere.com,28prekon,er8n2pko,enpr2ko8
faiedm90,Fairbairn,Edmundo,207768582,Edmundo.Fairbairn@nowhere.com,midf9ae0,eaf9idm0,iefmad90
mintam68,Minvielle,Tammi,2015697888,Tammi.Minvielle@nowhere.com,nm6mait8,inat8mm6,8mimnta6
maiedw67,Main,Edwina,202893135,Edwina.Main@nowhere.com,e7imdaw6,m6ed7awi,7awd6mei
manlat44,Manzanares,Latrisha,2018328467,Latrisha.Manzanares@nowhere.com,a4ltnma4,a4ltamn4,4laam4nt
saeive35,Saeger,Ivette,204554904,Ivette.Saeger@nowhere.com,va3e5sie,evs5ia3e,eaes5vi3
flesid36,Flecha,Sidney,208773491,Sidney.Flecha@nowhere.com,idefls63,dfi36sle,36slfdei
shucec36,Shunnarah,Cecil,2053086852,Cecil.Shunnarah@nowhere.com,c36cuehs,6csc3ueh,c6hu3esc
knehay23,Kneedler,Hayley,2004143206,Hayley.Kneedler@nowhere.com,nkeahy32,aeynk3h2,aye3n2hk
magkar15,Magraw,Karin,2012673333,Karin.Magraw@nowhere.com,rk1maa5g,gr5ka1ma,m5raga1k
misrob19,Misch,Robt,2097191782,Robt.Misch@nowhere.com,mobr1is9,rib91mso,o1mri9sb
hunoct25,Hunnicutt,Octavia,2092419035,Octavia.Hunnicutt@nowhere.com,uho5nct2,ch2ut5on,uct2on5h
iopgeo53,Iopa,Georgene,209534747,Georgene.Iopa@nowhere.com,ie3oo5gp,pooieg35,eoi5g3op
fanjam73,Fanguy,Jame,2052101618,Jame.Fanguy@nowhere.com,7a3jnfma,a7mfjan3,aja3nf7m
critaw24,Cristiano,Tawanda,2051325867,Tawanda.Cristiano@nowhere.com,aciwt2r4,irawtc24,rat24iwc
uhaaur76,Uhas,Aurore,202961611,Aurore.Uhas@nowhere.com,a6auhu7r,7arauuh6,au7har6u
chhmar70,Chhun,Marion,204087331,Marion.Chhun@nowhere.com,ma0hh7cr,7c0hhrma,hahmc07r
curtas82,Curro,Tasia,2070081137,Tasia.Curro@nowhere.com,su8rca2t,c82suatr,u82catrs
seegin00,Seel,Ginette,207703577,Ginette.Seel@nowhere.com,s0g0eien,i0e0sgne,0eeig0sn
gauset14,Gause,Seth,203386039,Seth.Gause@nowhere.com,4t1seuga,u41tsgae,a1gt4ues
stejoe21,Sterling,Joetta,203694850,Joetta.Sterling@nowhere.com,se12otje,t1eej2so,ose12jet
argmag73,Argenbright,Magaly,2061539029,Magaly.Argenbright@nowhere.com,m3ggraa7,r7agmag3,gag7m3ar
plyjul62,Plyler,Julie,2099116644,Julie.Plyler@nowhere.com,uy2pl6jl,ljyp26lu,l2p6yujl
lolyos58,Lolar,Yoshie,209760312,Yoshie.Lolar@nowhere.com,yso85oll,lyoso8l5,o5ll8syo
pozmin18,Pozo,Minh,2010032323,Minh.Pozo@nowhere.com,zmo18pin,ip1o8zmn,i1nzp8mo
damjan82,Damiano,Janetta,2035982681,Janetta.Damiano@nowhere.com,jmd2a8an,8n2jdama,j2dmana8
lavsha82,Lavecchia,Shanell,2009015561,Shanell.Lavecchia@nowhere.com,alh8s2va,asah2v8l,vl8aahs2
kennan65,Kenndy,Nanette,202601962,Nanette.Kenndy@nowhere.com,ennk6na5,enan5nk6,5enkna6n
poljun73,Polycarpe,Junita,206800227,Junita.Polycarpe@nowhere.com,oj7punl3,n3luopj7,u7opl3nj
kuhcar95,Kuhnert,Carita,200904196,Carita.Kuhnert@nowhere.com,hc9u5rka,ar95uchk,r5cahu9k
basjad00,Bassette,Jada,207071933,Jada.Bassette@nowhere.com,aad0j0bs,as0jab0d,aja0s0db
ricime55,Richberg,Imelda,2035424977,Imelda.Richberg@nowhere.com,c55mirie,mcei5ri5,cir5eim5
taimat98,Taibi,Matthew,2026591862,Matthew.Taibi@nowhere.com,matt8ai9,,iat8ta9m
quibla68,Quist,Blake,2012555655,Blake.Quist@nowhere.com,a6iuqb8l,iuba8ql6,ui6albq8
marcor96,Marietta,Corrie,208563623,Corrie.Marietta@nowhere.com,oarc96rm,o6ramc9r,rcramo96
linali58,Linkovich,Alishia,207179281,Alishia.Linkovich@nowhere.com,n5lii8la,5an8liil,n5aliil8
caprod98,Cappo,Rodger,209181856,Rodger.Cappo@nowhere.com,9odp8car,p8a9dcro,cd9aorp8
formar70,Forster,Marisol,202572245,Marisol.Forster@nowhere.com,mor0fr7a,r0rmaof7,7oraf0rm
dohjea40,Dohrman,Jeannette,2031669617,Jeannette.Dohrman@nowhere.com,4joahe0d,4dhaoej0,eaoh40jd
murjin13,Murel,Jina,2092217368,Jina.Murel@nowhere.com,13umnirj,jnum31ir,u1i3rnmj
bolkry67,Bolduan,Krystyna,2064166049,Krystyna.Bolduan@nowhere.com,6orykl7b,76ybkolr,7o6rlkby
eggelv38,Eggink,Elvina,204014174,Elvina.Eggink@nowhere.com,vgleg8e3,v3egl8eg,g3gvel8e
kerviv63,Kerchal,Vivan,2026378489,Vivan.Kerchal@nowhere.com,kvi63evr,ve3vrik6,k3ivre6v
sprcha31,Spratlen,Chae,2088739039,Chae.Spratlen@nowhere.com,carphs13,ach3sp1r,hrpc1a3s
larmau93,Lardizabal,Maura,2067191508,Maura.Lardizabal@nowhere.com,9ar3lmua,ra9m3aul,9umalar3
pawdeb32,Pawelczyk,Debora,203485867,Debora.Pawelczyk@nowhere.com,2w3dbape,p3ewa2db,wpb2dea3
micbra84,Michelini,Brady,205255026,Brady.Michelini@nowhere.com,ri8c4mba,rm4bi8ac,rabm8ic4
coufra80,Cousar,France,204343515,France.Cousar@nowhere.com,crfoau80,08aruocf,u8aorcf0
tavcie85,Tavana,Ciera,2011470467,Ciera.Tavana@nowhere.com,c8vti5ae,avec5i8t,vtace58i
farath76,Farug,Athena,209826967,Athena.Farug@nowhere.com,7f6trhaa,at6hfra7,aht6arf7
ciejon17,Ciersezwski,Jon,2026413408,Jon.Ciersezwski@nowhere.com,njc1e7io,1nicje7o,cjn17oie
norlue79,Northam,Luetta,200219040,Luetta.Northam@nowhere.com,l9n7eoru,u7eln9or,nlro79eu
mannad82,Mandia,Nadine,2080170182,Nadine.Mandia@nowhere.com,naam82dn,nd8nama2,8a2danmn
esqjes71,Esquerre,Jesus,2029578908,Jesus.Esquerre@nowhere.com,js1eeqs7,j7eq1ses,1sjeqes7
wunaly36,Wunderle,Alyse,2070515065,Alyse.Wunderle@nowhere.com,l36awyun,ylnw36au,lw36nyau
brakip30,Brasher,Kip,209873612,Kip.Brasher@nowhere.com,0rkbi3ap,0i3akprb,ak30pibr
sanshe81,Santhuff,Sherill,201021873,Sherill.Santhuff@nowhere.com,8enas1hs,he8ssa1n,hn81sesa
kryeri86,Krysl,Erinn,204995348,Erinn.Krysl@nowhere.com,ri8yk6er,8y6rierk,rieky8r6
tucjul57,Tuckerman,Julian,202389623,Julian.Tuckerman@nowhere.com,5utu7ljc,u75ljtcu,tju5lu7c
tobala31,Tobert,Alaine,2066465631,Alaine.Tobert@nowhere.com,l3baoa1t,a1ta3lob,at3abl1o
mckdom78,Mckimmy,Dominic,2063271934,Dominic.Mckimmy@nowhere.com,okcmm8d7,d8m7cokm,d7k8ommc
saralb83,Sarisky,Albertina,204998216,Albertina.Sarisky@nowhere.com,3lsbraa8,sblaar83,s8b3lara
sarjas85,Saracco,Jason,2043629455,Jason.Saracco@nowhere.com,5rsj8asa,rjsa58sa,aa8jss5r
steedi99,Steider,Edie,2022180983,Edie.Steider@nowhere.com,st9deei9,sti9ed9e,tde99esi
