moodia99,Moore,Diamond,Diamond.Moore@nowhere.com
olsdan02,Olson,Daniel,Daniel.Olson@nowhere.com
norgab96,Norris,Gabriel,Gabriel.Norris@nowhere.com
pridav86,Price,David,David.Price@nowhere.com
caland00,Callahan,Andre,Andre.Callahan@nowhere.com
mcdmas64,Mcdowell,Mason,Mason.Mcdowell@nowhere.com
curjam96,Curtis,James,James.Curtis@nowhere.com
milrob66,Miles,Robert,Robert.Miles@nowhere.com
bermel26,Berry,Melissa,Melissa.Berry@nowhere.com
perrob47,Perry,Roberto,Roberto.Perry@nowhere.com
wasmar34,Washington,Mark,Mark.Washington@nowhere.com
edwvin51,Edwards,Vincent,Vincent.Edwards@nowhere.com
harjef77,Harris,Jeffrey,Jeffrey.Harris@nowhere.com
smimar73,Smith,Mark,Mark.Smith@nowhere.com
bakama72,Baker,Amanda,Amanda.Baker@nowhere.com
dowrus10,Downs,Russell,Russell.Downs@nowhere.com
bonjef27,Bond,Jeff,Jeff.Bond@nowhere.com
evadan59,Evans,Daniel,Daniel.Evans@nowhere.com
moodan57,Moore,Danielle,Danielle.Moore@nowhere.com
