kinsan38,King,Sandra,Sandra.King@nowhere.com
whidav09,Whitaker,David,David.Whitaker@nowhere.com
agunat77,Aguilar,Natasha,Natasha.Aguilar@nowhere.com
wilmic54,Williams,Michael,Michael.Williams@nowhere.com
robchr57,Roberts,Christopher,Christopher.Roberts@nowhere.com
rubste54,Rubio,Steven,Steven.Rubio@nowhere.com
ramkri37,Ramirez,Kristen,Kristen.Ramirez@nowhere.com
wilrob94,Wilson,Robert,Robert.Wilson@nowhere.com
edweri44,Edwards,Erin,Erin.Edwards@nowhere.com
lowste06,Lowery,Stephanie,Stephanie.Lowery@nowhere.com
woowil22,Woods,William,William.Woods@nowhere.com
gutste54,Gutierrez,Stephanie,Stephanie.Gutierrez@nowhere.com
mccrob03,Mccann,Robin,Robin.Mccann@nowhere.com
ellmic35,Elliott,Michele,Michele.Elliott@nowhere.com
smilar55,Smith,Larry,Larry.Smith@nowhere.com
carsus13,Carter,Susan,Susan.Carter@nowhere.com
wilson00,Wilkinson,Sonia,Sonia.Wilkinson@nowhere.com
evacha72,Evans,Chad,Chad.Evans@nowhere.com
sanbri21,Sanders,Brian,Brian.Sanders@nowhere.com
cardeb21,Carter,Debra,Debra.Carter@nowhere.com
youkar65,Young,Karen,Karen.Young@nowhere.com
guebri75,Guerrero,Brittany,Brittany.Guerrero@nowhere.com
