dubles20,Duber,Lesa,2031519694,Lesa.Duber@nowhere.com,sdlub0e2,bds0eu2l,s2dlub0e
norwen04,Norby,Wendy,2063009085,Wendy.Norby@nowhere.com,4nrn0woe,eon0rwn4,w4ne0nor
doykar91,Doyan,Karen,2029286539,Karen.Doyan@nowhere.com,yrk1ado9,oda9rky1,o9dkary1
rumwin83,Rummans,Winford,206209074,Winford.Rummans@nowhere.com,rinwm3u8,um8nwri3,3unwrim8
maiviv93,Maid,Vivan,2036034309,Vivan.Maid@nowhere.com,ivim9v3a,iamv93iv,9viavim3
nakmar93,Nakaoka,Marjory,2083206112,Marjory.Nakaoka@nowhere.com,knaamr39,9r3kaman,mr9ana3k
tsuhan53,Tsuda,Hank,2046340620,Hank.Tsuda@nowhere.com,tsh5nu3a,hatns5u3,stn3uha5
malsad55,Malocha,Sadye,2051519658,Sadye.Malocha@nowhere.com,al5mds5a,al5s5mda,55ldamsa
fauhan79,Faubion,Hana,203881474,Hana.Faubion@nowhere.com,f7haa9nu,a7u9hafn,9nfh7uaa
valden90,Valko,Denisha,2011874778,Denisha.Valko@nowhere.com,vdna9le0,vel9d0an,0e9nvlad
offmar08,Offenbacker,Marcelle,205559879,Marcelle.Offenbacker@nowhere.com,fma0for8,8mafro0f,frma0of8
infdwa36,Inferrera,Dwain,2011494123,Dwain.Inferrera@nowhere.com,nfdiw3a6,faniw36d,iwd3af6n
aueshe42,Auerbach,Shella,200131928,Shella.Auerbach@nowhere.com,eueas2h4,uh2e4ase,uhsea42e
karsha72,Karge,Shaunda,2040360598,Shaunda.Karge@nowhere.com,,ash7r2ak,2ha7srka
bogluc01,Bogen,Lucile,2084483138,Lucile.Bogen@nowhere.com,ocl1u0gb,o0bc1ugl,0olc1gbu
waldar23,Walpole,Darcie,206645378,Darcie.Walpole@nowhere.com,2dl3rwaa,3wl2rada,2adwla3r
folyok88,Follmer,Yoko,202266347,Yoko.Follmer@nowhere.com,kfl8oy8o,8yokfl8o,o8lky8of
dedhor85,Dednam,Hortensia,204726966,Hortensia.Dednam@nowhere.com,dder8h5o,d85rodeh,h8o5rdde
schjin38,Schroeter,Jinny,201441461,Jinny.Schroeter@nowhere.com,jinc38hs,83hnjcsi,j8ihn3cs
gaumel59,Gautam,Melodie,2007780646,Melodie.Gautam@nowhere.com,l9geua5m,5ea9mglu,lmea95gu
kueelm45,Kuebler,Elmira,200783793,Elmira.Kuebler@nowhere.com,mke5ue4l,ke5e4ulm,ke5e4uml
botsam80,Botelho,Samuel,205420530,Samuel.Botelho@nowhere.com,stb8a0om,bom8s0ta,ta80osmb
donalt04,Donhoe,Altagracia,2087040922,Altagracia.Donhoe@nowhere.com,n0l4aodt,l4an0dto,a04tolnd
digcat21,Digman,Cathi,2046330923,Cathi.Digman@nowhere.com,gidtac21,i1dg2cat,digact12
conali52,Concienne,Alina,205299933,Alina.Concienne@nowhere.com,nol5aci2,incalo25,o5ia2lnc
fabkac85,Fabre,Kaci,2062433914,Kaci.Fabre@nowhere.com,ck5baaf8,5abfc8ak,fkaa8cb5
majmer34,Majica,Mercy,2068938208,Mercy.Majica@nowhere.com,jare43mm,rjm4ema3,4j3armem
tanjoa45,Tanguay,Joannie,209371687,Joannie.Tanguay@nowhere.com,t4no5aja,4taan5oj,4jatnoa5
pitize93,Pitel,Izetta,2017630396,Izetta.Pitel@nowhere.com,i3itz9pe,i3eitpz9,ipt3zi9e
bucnid34,Buchmiller,Nidia,200336968,Nidia.Buchmiller@nowhere.com,4iun3cbd,4bdi3cnu,cibn4du3
momjos42,Moma,Joseph,2087253062,Joseph.Moma@nowhere.com,jm2oosm4,osmm2oj4,msooj2m4
mormar75,Morgon,Maritza,2035781608,Maritza.Morgon@nowhere.com,armo5r7m,aor7r5mm,m75roamr
raynoe31,Raya,Noella,2014124355,Noella.Raya@nowhere.com,1ne3ayor,1roane3y,a13rnoey
exesha15,Exe,Shantel,2086296725,Shantel.Exe@nowhere.com,1e5hesax,xe5seha1,h1exsae5
chrjad89,Chreene,Jada,200263372,Jada.Chreene@nowhere.com,arjdc9h8,rj8dhca9,dac9r8jh
alckat31,Alcosiba,Katlyn,2041356567,Katlyn.Alcosiba@nowhere.com,t1kaal3c,t1aack3l,3altack1
gasman85,Gasperi,Manie,202694884,Manie.Gasperi@nowhere.com,nmag8a5s,na5agm8s,aag58nms
berjac73,Beras,Jacquelyne,207770125,Jacquelyne.Beras@nowhere.com,bjec7ra3,br73aecj,73ajercb
hasles71,Hassinger,Lesa,207861139,Lesa.Hassinger@nowhere.com,l71shaes,1ahl7sse,lhs7ea1s
avicou34,Avina,Courtney,2023020353,Courtney.Avina@nowhere.com,vocuai43,3a4vuico,o43acuiv
dubrom60,Dubow,Romona,2082536970,Romona.Dubow@nowhere.com,duom0b6r,d0oum6br,06oburmd
mallei94,Mall,Leida,2011565706,Leida.Mall@nowhere.com,4i9allem,94lliame,9ll4imae
vanhor48,Vanpatten,Horacio,207917716,Horacio.Vanpatten@nowhere.com,rah4ovn8,rnao4h8v,8avnhor4
heliva29,Helger,Ivan,204546987,Ivan.Helger@nowhere.com,2hlvai9e,hal2iev9,2ehi9lav
beaalv31,Beaushaw,Alvera,2050878763,Alvera.Beaushaw@nowhere.com,,13elabav,le1baav3
ellcir62,Ellicott,Cira,201779792,Cira.Ellicott@nowhere.com,ll6rice2,l62clire,llr2e6ci
laukat38,Lauckner,Kattie,206453854,Kattie.Lauckner@nowhere.com,talka38u,8kta3ula,al3atu8k
dewcor89,Dewick,Cori,2015484091,Cori.Dewick@nowhere.com,cd9o8rwe,der89wco,oec8wrd9
ozemar21,Ozer,Martin,207912125,Martin.Ozer@nowhere.com,1oamezr2,mroe2za1,erm2zo1a
ricpea98,Richner,Pearline,205510336,Pearline.Richner@nowhere.com,i8pre9ac,r8pc9aie,rp8ce9ia
wengeo90,Wengert,Georgiana,2064397816,Georgiana.Wengert@nowhere.com,0go9ewne,noe09wge,0woegen9
bobthi51,Bobier,Thi,2083288434,Thi.Bobier@nowhere.com,h5i1btbo,15toihbb,5b1bioth
fagpab65,Fago,Pablo,2018337636,Pablo.Fago@nowhere.com,gba65paf,af5a6bpg,pgbaaf56
kemnan05,Kempinski,Nan,2090403617,Nan.Kempinski@nowhere.com,k0mn5ean,eanknm05,nak5enm0
buedyl20,Buerk,Dylan,206699537,Dylan.Buerk@nowhere.com,eudl02yb,yld2eb0u,0lu2dbye
bandon50,Bankos,Donita,2017577314,Donita.Bankos@nowhere.com,d5an0bon,aon0nbd5,bn0oa5nd
womfau35,Wombacher,Fausto,2060342145,Fausto.Wombacher@nowhere.com,uo5am3wf,mou35afw,5wumoa3f
hodkel05,Hoder,Keli,2078345325,Keli.Hoder@nowhere.com,l05khoed,lhdo50ke,l0okd5eh
cootam00,Cools,Tamela,200471874,Tamela.Cools@nowhere.com,cat0oom0,00amooct,0ac0tomo
viebar95,Viessman,Barney,208364192,Barney.Viessman@nowhere.com,vrb59eia,ea9vr5bi,a9br5ive
smekat28,Smelley,Kathe,200786938,Kathe.Smelley@nowhere.com,kmea8st2,tk8em2sa,2ts8aekm
isedor80,Isenberg,Dorathy,2016828731,Dorathy.Isenberg@nowhere.com,r0iodes8,i8sdroe0,s0ir8ode
gaccla86,Gachupin,Clair,2044538361,Clair.Gachupin@nowhere.com,8cgal6ac,6cclg8aa,l6cacag8
sesran67,Sessoms,Randy,2065157299,Randy.Sessoms@nowhere.com,e7srasn6,snea7sr6,asres6n7
chayan82,Chamberlin,Yanira,2062057742,Yanira.Chamberlin@nowhere.com,ny2ahac8,aanych28,yah8an2c
kroeli39,Krome,Elijah,208296262,Elijah.Krome@nowhere.com,3ekl9ori,k3ilo9re,keroi3l9
whibev69,Whitney,Beverley,2095923564,Beverley.Whitney@nowhere.com,wvbe6ih9,w9vbehi6,6h9evwbi
arciri89,Arcos,Irish,201514884,Irish.Arcos@nowhere.com,ic8rria9,riiac9r8,9i8rcria
wilbar33,Willaert,Barrett,2059079521,Barrett.Willaert@nowhere.com,ar3liwb3,lrb3iaw3,wr3blia3
brador52,Bradbury,Dorcas,2059915300,Dorcas.Bradbury@nowhere.com,ad5b2rro,db52aror,aobr5rd2
dhrlog83,Dhruva,Logan,2015269559,Logan.Dhruva@nowhere.com,8d3ohrgl,drh38glo,rh3ogdl8
moncar11,Monterroso,Carlos,205300856,Carlos.Monterroso@nowhere.com,nrmc11oa,rca1n1mo,1cnraom1
stgjos35,Stgermain,Josette,209296131,Josette.Stgermain@nowhere.com,3ojts5sg,go5tsjs3,gstoj3s5
lacemm81,Lachowski,Emmanuel,2074373797,Emmanuel.Lachowski@nowhere.com,ma1m8lec,mac1e8ml,mec8am1l
merdor15,Merette,Dori,207719373,Dori.Merette@nowhere.com,5rmode1r,drerom51,oe5r1rmd
jarsha38,Jarzombek,Shanika,2041575982,Shanika.Jarzombek@nowhere.com,j8arsa3h,3jahas8r,as3jrha8
guicar72,Guitano,Carlee,206933802,Carlee.Guitano@nowhere.com,2rci7aug,c27agriu,uirc2g7a
nisjen25,Nistler,Jenniffer,2063919397,Jenniffer.Nistler@nowhere.com,e2nnsij5,jni25sen,ejni2n5s
arbher03,Arbo,Herlinda,207277207,Herlinda.Arbo@nowhere.com,ae0rhbr3,ber3ah0r,br3he0ar
porlau79,Portello,Laurel,2058151523,Laurel.Portello@nowhere.com,ura79lop,pr7uloa9,urol7a9p
gentyl16,Gengler,Tyler,202434453,Tyler.Gengler@nowhere.com,y1g6entl,tlge1yn6,glt6n1ye
cousau66,Coughenour,Sau,2066683463,Sau.Coughenour@nowhere.com,ou6ac6su,uo6s6uca,u6us6oac
angabr41,Angelle,Abram,205129160,Abram.Angelle@nowhere.com,1arnagb4,rb41anga,bra14agn
tamron87,Tami,Roni,2033113102,Roni.Tami@nowhere.com,tr7aomn8,n8ta7orm,8oatmrn7
peamal31,Peary,Malissa,209889903,Malissa.Peary@nowhere.com,3l1epaam,paal1em3,lea1am3p
linmar31,Lindberg,Marina,2052055851,Marina.Lindberg@nowhere.com,l3inrm1a,ialm1r3n,3amrln1i
norjea09,Norfleet,Jeanie,203351641,Jeanie.Norfleet@nowhere.com,oaer90jn,rnajeo90,nrjeoa09
echtri56,Echemendia,Trinidad,2016084162,Trinidad.Echemendia@nowhere.com,rith65ce,tc6hre5i,rtech6i5
carbru30,Carrere,Bruno,207370624,Bruno.Carrere@nowhere.com,ruc3ab0r,r3c0raub,crua0br3
checri38,Cheaney,Cristal,2029152553,Cristal.Cheaney@nowhere.com,38cchrei,ecic3r8h,rec8i3ch
yelarn15,Yeldell,Arnoldo,208406160,Arnoldo.Yeldell@nowhere.com,nr5lya1e,1lya5ern,a15yerln
zamjen80,Zamperini,Jenifer,2040574828,Jenifer.Zamperini@nowhere.com,0zj8naem,zjanm0e8,zj0a8emn
olisuz72,Oliver,Suzann,2023733677,Suzann.Oliver@nowhere.com,i2lzsou7,i7olsuz2,2uzsl7io
naujan19,Nauman,Janel,2085345515,Janel.Nauman@nowhere.com,jua9an1n,nanja19u,au9na1jn
fetkim78,Fette,Kimiko,209694299,Kimiko.Fette@nowhere.com,mfi87tke,7kifmte8,tkimf78e
cinthr81,Cincotta,Thresa,209896971,Thresa.Cincotta@nowhere.com,h8n1itrc,8n1hictr,8nhrc1it
davcha32,Davis,Charlie,202703039,Charlie.Davis@nowhere.com,vh32acda,h3adacv2,cd2ah3av
ketlia14,Ketron,Liana,208566357,Liana.Ketron@nowhere.com,kelit1a4,4akltie1,k14iaelt
woleth78,Wolper,Ethelyn,205546130,Ethelyn.Wolper@nowhere.com,7otehlw8,w8eol7th,e7lotwh8
zhaile85,Zhanel,Ileana,200713825,Ileana.Zhanel@nowhere.com,eilha8z5,ih5l8eaz,iz8le5ha
gossam84,Goslin,Sammy,2083666234,Sammy.Goslin@nowhere.com,osgm8s4a,84mgossa,4osa8mgs
colfre35,Colomy,Freeda,2022580575,Freeda.Colomy@nowhere.com,3reclfo5,er3l5cfo,r53foecl
jofmar83,Joffrion,Marry,2042695224,Marry.Joffrion@nowhere.com,f38jomar,mfo83raj,jo3ma8fr
rouhug15,Rouff,Hugo,2003503960,Hugo.Rouff@nowhere.com,ro1u5ghu,1ouurgh5,51orhugu
answin91,Anspaugh,Winter,2063169652,Winter.Anspaugh@nowhere.com,wain19sn,iw1n9sna,9iswan1n
stogiu91,Stothart,Giuseppe,2099799653,Giuseppe.Stothart@nowhere.com,gi1ts9ou,tousg19i,1t9uogsi
vetshe18,Vetri,Sheryll,2047167073,Sheryll.Vetri@nowhere.com,h1evse8t,vehe1s8t,8tsve1he
dewcar99,Dewees,Carmine,2067707379,Carmine.Dewees@nowhere.com,w9ecadr9,edwc9ar9,wdce9r9a
alwmir40,Alwardt,Miriam,201457011,Miriam.Alwardt@nowhere.com,il0a4mwr,liwar40m,0warl4im
teidar45,Teichert,Darrin,2076480162,Darrin.Teichert@nowhere.com,iae4d5tr,t5rd4eai,iade5t4r
marest33,Markou,Estelle,2073402778,Estelle.Markou@nowhere.com,3mrs3eat,srea33mt,ta33msre
iramil02,Iracheta,Miles,204474092,Miles.Iracheta@nowhere.com,mailir02,m2lrai0i,lmaiir02
krucar01,Krul,Carolee,2016673554,Carolee.Krul@nowhere.com,cr0krua1,0akr1rcu,r1ua0krc
kessue80,Kestner,Sue,2084171119,Sue.Kestner@nowhere.com,s8eesu0k,su0kes8e,ksees08u
attshe31,Attilio,Shella,206429704,Shella.Attilio@nowhere.com,tt31ashe,e13sthta,sht3t1ea
tertak98,Terrell,Takako,2070908429,Takako.Terrell@nowhere.com,re8takt9,98kttear,a9e8ktrt
smapat83,Smalling,Pat,2031649654,Pat.Smalling@nowhere.com,8ptm3saa,sam3a8tp,3t8aasmp
stiaro12,Stiltner,Aron,2056121334,Aron.Stiltner@nowhere.com,rtoi1as2,12raotsi,oitsra21
halmal68,Halleck,Malka,2009169210,Malka.Halleck@nowhere.com,6la8lamh,lala6mh8,aha6lm8l
brymat24,Brys,Matthew,200328884,Matthew.Brys@nowhere.com,4ymrtab2,4abtyrm2,r2tymab4
tysjun42,Tyssens,Junie,200934623,Junie.Tyssens@nowhere.com,j42nusty,n4tujs2y,y4nsu2jt
drujac76,Druschel,Jackeline,202918954,Jackeline.Druschel@nowhere.com,67ujdrca,aru6jc7d,c6jaurd7
haeloi58,Haeber,Lois,209492663,Lois.Haeber@nowhere.com,ah5oeli8,oaielh85,eao58lih
jetoli07,Jeter,Olive,207316076,Olive.Jeter@nowhere.com,o0tilje7,eo0ljt7i,7letjio0
beilan88,Beisner,Lannie,201050948,Lannie.Beisner@nowhere.com,eba8inl8,i8blean8,8bnai8le
stikim67,Stiff,Kimberli,2036891627,Kimberli.Stiff@nowhere.com,6mtkisi7,tiksi7m6,ikit6sm7
nufval40,Nuffer,Valorie,2041169367,Valorie.Nuffer@nowhere.com,n40vlfau,alf4u0vn,4uva0fln
henros65,Hensler,Rosemarie,2045890217,Rosemarie.Hensler@nowhere.com,65rhosne,5hrsnoe6,her6s5on
arrlen93,Arrott,Lennie,2099066729,Lennie.Arrott@nowhere.com,n3erl9ar,9al3errn,9lrrena3
gavcle13,Gavel,Clement,202769649,Clement.Gavel@nowhere.com,g3lacv1e,vaec13gl,lavecg13
wiedai11,Wielock,Daisy,2017817641,Daisy.Wielock@nowhere.com,d1awii1e,1aidwie1,a1diei1w
mayjul35,Mayr,Julietta,205820570,Julietta.Mayr@nowhere.com,jalymu53,ajy35uml,mja5l3yu
lunari90,Lundgren,Ariana,208423625,Ariana.Lundgren@nowhere.com,0nlau9ri,nira09ul,l9u0niar
luksar97,Luken,Sari,205498038,Sari.Luken@nowhere.com,uklsa9r7,a9ulk7rs,s79rkual
garvin53,Garza,Vinita,209042825,Vinita.Garza@nowhere.com,ianv35rg,i5argvn3,vn3gira5
ramcol08,Ramaker,Coleen,207374828,Coleen.Ramaker@nowhere.com,oal0c8rm,r0o8lamc,lo8r0cam
wedlyd28,Weddell,Lydia,201534804,Lydia.Weddell@nowhere.com,edlwdy82,8wydd2el,2ly8wedd
boljac72,Bolder,Jacinda,204402836,Jacinda.Bolder@nowhere.com,bo2jca7l,aocbj7l2,ljocb7a2
seydeo10,Seymoure,Deonna,2030024774,Deonna.Seymoure@nowhere.com,yde1so0e,o0ydese1,dyesoe01
bondud71,Bonow,Dudley,200333319,Dudley.Bonow@nowhere.com,d1no7ubd,ud7d1bon,du7bdon1
fonkat44,Fonsecn,Katrice,202513997,Katrice.Fonsecn@nowhere.com,44natofk,4aotkf4n,aot4nkf4
rudsha86,Rudnitski,Shawnee,2012159661,Shawnee.Rudnitski@nowhere.com,aursd86h,h68druas,ash6udr8
angadr47,Angle,Adriane,209375125,Adriane.Angle@nowhere.com,na4gra7d,7a4darng,4ng7draa
faiiva80,Fairy,Iva,209379839,Iva.Fairy@nowhere.com,,ai8ivfa0,i0f8iaav
tohmar86,Toher,Maren,202528378,Maren.Toher@nowhere.com,6ohmtar8,rtm8aho6,8rtamo6h
cheman64,Cheas,Mandy,204619256,Mandy.Cheas@nowhere.com,4ahnm6ce,ch6nma4e,ecnh46am
famher49,Fambro,Hermina,200873026,Hermina.Fambro@nowhere.com,ahemfr94,9mfe4har,reha49fm
solsha01,Solich,Shawana,2041239016,Shawana.Solich@nowhere.com,hsa0ol1s,so1ls0ah,os1hl0as
mindei08,Mincer,Deirdre,204856538,Deirdre.Mincer@nowhere.com,ime8ni0d,8ine0dim,em8ii0nd
fruhyo41,Fruchter,Hyo,2024368659,Hyo.Fruchter@nowhere.com,1yufroh4,yfru1h4o,4hor1fyu
scrbra74,Scroggy,Brain,2014309296,Brain.Scroggy@nowhere.com,4barsr7c,brrsa7c4,s4arbc7r
cipevi62,Cipollone,Evie,2074944531,Evie.Cipollone@nowhere.com,2ii6epcv,62viiepc,iipve62c
maifel54,Mainord,Felipa,2089321649,Felipa.Mainord@nowhere.com,5lfeaim4,feilm5a4,4aifem5l
poctam04,Pochiba,Tamekia,2007384466,Tamekia.Pochiba@nowhere.com,opam4ct0,mt4coap0,4pmc0oat
rovgil11,Rovinsky,Gilberte,2028168868,Gilberte.Rovinsky@nowhere.com,oglvir11,vo1igrl1,vg1or1il
lascla62,Lascaro,Clay,2024560945,Clay.Lascaro@nowhere.com,6laal2sc,s6aca2ll,2clsaal6
vandee19,Vandeweert,Dee,2099813094,Dee.Vandeweert@nowhere.com,91eveadn,deeav9n1,n9v1deae
hueush04,Huenink,Usha,2076538638,Usha.Huenink@nowhere.com,heh0suu4,hu4he0su,uh40eshu
