garjam57,Garcia,James,James.Garcia@nowhere.com
ricand83,Richards,Andrew,Andrew.Richards@nowhere.com
coldan17,Coleman,Daniel,Daniel.Coleman@nowhere.com
rodgle00,Rodriguez,Glenda,Glenda.Rodriguez@nowhere.com
milray17,Mills,Raymond,Raymond.Mills@nowhere.com
sutmar38,Sutton,Mark,Mark.Sutton@nowhere.com
ricaar22,Rice,Aaron,Aaron.Rice@nowhere.com
masjam92,Mason,Jamie,Jamie.Mason@nowhere.com
smibri58,Smith,Brian,Brian.Smith@nowhere.com
brotra02,Brown,Travis,Travis.Brown@nowhere.com
johjas11,Johnson,Jason,Jason.Johnson@nowhere.com
rodabi27,Rodriguez,Abigail,Abigail.Rodriguez@nowhere.com
wilpet92,Williams,Peter,Peter.Williams@nowhere.com
kirmel09,Kirby,Melissa,Melissa.Kirby@nowhere.com
gresar24,Green,Sarah,Sarah.Green@nowhere.com
parlau70,Parker,Laura,Laura.Parker@nowhere.com
wadand95,Wade,Andrea,Andrea.Wade@nowhere.com
tylcon91,Tyler,Connie,Connie.Tyler@nowhere.com
davamy37,Davis,Amy,Amy.Davis@nowhere.com
mcdsco43,Mcdaniel,Scott,Scott.Mcdaniel@nowhere.com
rostho58,Rose,Thomas,Thomas.Rose@nowhere.com
moocar20,Moore,Carlos,Carlos.Moore@nowhere.com
potped40,Potter,Pedro,Pedro.Potter@nowhere.com
vanjes55,Vance,Jesse,Jesse.Vance@nowhere.com
blamar73,Blair,Mario,Mario.Blair@nowhere.com
