brochr72,Brown,Christopher,Christopher.Brown@nowhere.com
khajan64,Khan,Janice,Janice.Khan@nowhere.com
davmic65,Davis,Michelle,Michelle.Davis@nowhere.com
johdeb20,Johnson,Debbie,Debbie.Johnson@nowhere.com
siltay71,Silva,Taylor,Taylor.Silva@nowhere.com
howmar28,Howe,Maria,Maria.Howe@nowhere.com
grerob49,Greene,Robert,Robert.Greene@nowhere.com
torann60,Torres,Anna,Anna.Torres@nowhere.com
marjos36,Martin,Joseph,Joseph.Martin@nowhere.com
brocar03,Brown,Carly,Carly.Brown@nowhere.com
leojul24,Leon,Julie,Julie.Leon@nowhere.com
marsar01,Martin,Sarah,Sarah.Martin@nowhere.com
davcod65,Davis,Cody,Cody.Davis@nowhere.com
johann04,Johnson,Ann,Ann.Johnson@nowhere.com
