wessha60,West,Shawn,Shawn.West@nowhere.com
thoadr10,Thompson,Adriana,Adriana.Thompson@nowhere.com
caskel63,Casey,Kelli,Kelli.Casey@nowhere.com
tayker26,Taylor,Kerry,Kerry.Taylor@nowhere.com
hersha84,Hernandez,Sharon,Sharon.Hernandez@nowhere.com
fisray75,Fischer,Raymond,Raymond.Fischer@nowhere.com
adkbri70,Adkins,Brittany,Brittany.Adkins@nowhere.com
olisam92,Oliver,Samuel,Samuel.Oliver@nowhere.com
smimat33,Smith,Matthew,Matthew.Smith@nowhere.com
coocha48,Cook,Chase,Chase.Cook@nowhere.com
foshea79,Foster,Heather,Heather.Foster@nowhere.com
crobre42,Crosby,Brenda,Brenda.Crosby@nowhere.com
lucjul40,Lucas,Julie,Julie.Lucas@nowhere.com
jonluc86,Jones,Lucas,Lucas.Jones@nowhere.com
gildou60,Gilbert,Douglas,Douglas.Gilbert@nowhere.com
andall58,Anderson,Allen,Allen.Anderson@nowhere.com
miljua37,Miller,Juan,Juan.Miller@nowhere.com
reybra47,Reynolds,Bradley,Bradley.Reynolds@nowhere.com
flelin06,Fletcher,Linda,Linda.Fletcher@nowhere.com
patkim24,Patel,Kimberly,Kimberly.Patel@nowhere.com
fleeli09,Fleming,Elizabeth,Elizabeth.Fleming@nowhere.com
brahea63,Bradley,Heather,Heather.Bradley@nowhere.com
smijas92,Smith,Jason,Jason.Smith@nowhere.com
bartam13,Barrera,Tamara,Tamara.Barrera@nowhere.com
