onjef565,On,Jeffie,201793687,Jeffie.On@nowhere.com,5jfo65ne,5j5nfe6o,j5of5n6e
lamfre73,Lambrukos,Fred,2021528591,Fred.Lambrukos@nowhere.com,r3fa7lem,7mrealf3,fla73emr
julros70,Juliano,Rosia,2050880730,Rosia.Juliano@nowhere.com,7l0jsuro,sj0ulo7r,rsj0ol7u
lasmis60,Lasota,Misty,2096417181,Misty.Lasota@nowhere.com,m0l6assi,sa6mi0sl,0miass6l
kemgid67,Kemmerlin,Gidget,205198761,Gidget.Kemmerlin@nowhere.com,eig6mk7d,6m7diegk,mdg67kie
hollav55,Holzwart,Lavette,2077984776,Lavette.Holzwart@nowhere.com,ll5oa5vh,h5v5allo,hva55lol
orokay37,Orourke,Kayleigh,200996007,Kayleigh.Orourke@nowhere.com,k3oay7or,okry7o3a,oyoa73kr
scuman85,Scully,Mandie,207831680,Mandie.Scully@nowhere.com,mnsc5au8,u8an5scm,
sosmic97,Sosbe,Micki,2006871933,Micki.Sosbe@nowhere.com,sisom9c7,ss9oic7m,9c7sismo
regmeg59,Regusters,Meghann,205233707,Meghann.Regusters@nowhere.com,g9emge5r,g5m9eerg,5grem9ge
cromau34,Crocetti,Maurice,2046838993,Maurice.Crocetti@nowhere.com,uco43ram,rc4auo3m,o3ac4mru
wausam09,Wauch,Sam,2072674204,Sam.Wauch@nowhere.com,wmsu0aa9,su0mwa9a,am9wau0s
stoali41,Stoskopf,Alison,2086833784,Alison.Stoskopf@nowhere.com,1ito4als,,4tosai1l
susmat09,Sustar,Matthew,207807649,Matthew.Sustar@nowhere.com,ma9ssut0,u9asst0m,0smutas9
frajen52,Frankowski,Jenifer,2088765632,Jenifer.Frankowski@nowhere.com,e5f2rnja,f5aejn2r,j2enr5af
majrol22,Majure,Rolande,2027005474,Rolande.Majure@nowhere.com,l2omra2j,jlm22ora,ajo22mrl
dricla05,Dries,Claudie,2033600947,Claudie.Dries@nowhere.com,ca0ldir5,ldi50acr,lida0rc5
flusen43,Flummer,Sena,2011038113,Sena.Flummer@nowhere.com,u3sne4fl,fs3nu4el,leuf34ns
beegra48,Beeching,Grace,2064776331,Grace.Beeching@nowhere.com,ea8bger4,gb4aere8,rea4bg8e
erisha59,Ericson,Sharita,207158500,Sharita.Ericson@nowhere.com,rhai9es5,ear9h5si,ia59rhes
slalan40,Slatkin,Lannie,2033433125,Lannie.Slatkin@nowhere.com,0a4lsnal,a4lla0ns,lnasa4l0
sanjoh43,Sannella,Johnetta,208434830,Johnetta.Sannella@nowhere.com,4sjnaoh3,naj4h3so,naoh43sj
morlat30,Morsey,Latasha,2000001696,Latasha.Morsey@nowhere.com,r3t0omal,m3rtoa0l,ltom3ar0
galhop74,Gallamore,Hope,207846578,Hope.Gallamore@nowhere.com,74palhog,lg7ho4ap,opagh4l7
trirai85,Triller,Raina,205817185,Raina.Triller@nowhere.com,ait5rir8,5riirat8,rariit58
timtha34,Timmermans,Thaddeus,205114359,Thaddeus.Timmermans@nowhere.com,m4aitht3,htiam4t3,thmit43a
junlor34,Jun,Loraine,201931427,Loraine.Jun@nowhere.com,34olurnj,43nuljor,j4uolnr3
sattam98,Satawa,Tamekia,2018802413,Tamekia.Satawa@nowhere.com,amast98t,stmat9a8,mt9a8tas
henfal71,Hendricksen,Fallon,2039864971,Fallon.Hendricksen@nowhere.com,nah7e1fl,nhfea7l1,na1el7hf
methoy32,Mettle,Hoyt,2097062815,Hoyt.Mettle@nowhere.com,2oythm3e,ohe3tm2y,3ymoe2ht
olicla53,Olinsky,Clarita,2087854093,Clarita.Olinsky@nowhere.com,c5lal3io,cloa3li5,3ail5clo
sonjac76,Sondles,Jacquiline,200503666,Jacquiline.Sondles@nowhere.com,7s6njcao,joas6c7n,ncj7o6sa
holgal83,Holycross,Gale,2002304766,Gale.Holycross@nowhere.com,llagho83,8ol3lhga,8lo3algh
esefid52,Esera,Fidela,200459314,Fidela.Esera@nowhere.com,ei5sd2ef,dfi5se2e,5efies2d
arcsoc67,Archibold,Socorro,201495872,Socorro.Archibold@nowhere.com,sr7coac6,rocac6s7,acrs7oc6
letsam76,Letman,Sam,200265834,Sam.Letman@nowhere.com,lmst7ea6,ametls67,mel7s6at
chaant11,Chapparo,Antoinette,207633719,Antoinette.Chapparo@nowhere.com,ac1tn1ah,canh11at,a1anc1th
elimai85,Eliason,Maire,207508925,Maire.Eliason@nowhere.com,m58eaili,8iamile5,l5ai8eim
jumbul08,Jump,Bula,2083441035,Bula.Jump@nowhere.com,8bju0mul,ubj08lmu,mubju08l
dekdev25,Dekuyper,Devin,204014565,Devin.Dekuyper@nowhere.com,vkd5eed2,dekvde52,5d2dekve
setjac78,Setaro,Jaclyn,2013927751,Jaclyn.Setaro@nowhere.com,8tajsce7,s8cj7aet,esac8jt7
cosbre11,Cost,Breanna,2077684124,Breanna.Cost@nowhere.com,11socebr,1ro1becs,sr1o1ecb
coslin69,Coste,Linsey,2001943987,Linsey.Coste@nowhere.com,il9nc6so,onli9c6s,69icolns
koueme76,Koulalis,Emerson,206758266,Emerson.Koulalis@nowhere.com,eueo67mk,6oe7umek,67oeeukm
gigna375,Giglio,Na,204001656,Na.Giglio@nowhere.com,g35i7gan,g3ig7an5,a7gg5in3
gehcol11,Gehrlein,Collette,208552560,Collette.Gehrlein@nowhere.com,1l1ohcge,eol11hgc,hogcle11
grohie58,Groome,Hien,209490882,Hien.Groome@nowhere.com,rh5o8ige,e8oihgr5,hro8gi5e
mccros33,Mcconney,Rossana,2050797653,Rossana.Mcconney@nowhere.com,cc3smro3,m3ccrs3o,c3so3rmc
remste49,Rempe,Steve,2070158850,Steve.Rempe@nowhere.com,eer9stm4,smete4r9,rsem9t4e
beiwil17,Beier,Willow,201592090,Willow.Beier@nowhere.com,eiib17wl,il71beiw,ebwii1l7
juscor56,Justen,Coretta,2049340672,Coretta.Justen@nowhere.com,s5cjuor6,rjso56uc,ujco6r5s
tuzger98,Tuzzolo,German,2095171906,German.Tuzzolo@nowhere.com,8eugztr9,u9e8ztrg,et8rz9ug
voodel73,Voorhis,Delila,2034585105,Delila.Voorhis@nowhere.com,elov3do7,l7dveo3o,e3lo7odv
quakar12,Qua,Karan,2008439729,Karan.Qua@nowhere.com,2qa1ukra,aa1q2ukr,1r2kquaa
kerhee86,Kerrigan,Hee,2079097724,Hee.Kerrigan@nowhere.com,ehere8k6,68hekeer,8kee6ehr
copher19,Coplen,Herma,2002360425,Herma.Coplen@nowhere.com,rc9ho1ep,cr1peh9o,r9ph1oec
kloren58,Klose,Renata,2083983748,Renata.Klose@nowhere.com,l8eno5kr,8nlkre5o,lerk85no
heggen57,Heggs,Genevie,206175654,Genevie.Heggs@nowhere.com,e5ngge7h,gee57hgn,hg57neeg
editor68,Edith,Torie,204910207,Torie.Edith@nowhere.com,8ort6dei,6tridoe8,tdoie86r
branic99,Brais,Nickole,205614532,Nickole.Brais@nowhere.com,cn9ba9ir,bi9nr9ca,9rcb9ain
egena140,Eget,Na,204142219,Na.Eget@nowhere.com,a0eg4e1n,1eng4e0a,naeg04e1
geomar86,Georgis,Maryrose,206436965,Maryrose.Georgis@nowhere.com,a68morge,g86eaorm,ao68mger
badmel11,Baddeley,Melisa,204905512,Melisa.Baddeley@nowhere.com,ba1ledm1,bela1m1d,b1l1mead
hallar80,Halliday,Larhonda,207641054,Larhonda.Halliday@nowhere.com,ll0ahra8,lraha0l8,hlal8ar0
scasha13,Scariano,Sharice,2051340074,Sharice.Scariano@nowhere.com,h1saca3s,3assch1a,1aahs3cs
rebear32,Rebusi,Earl,208665782,Earl.Rebusi@nowhere.com,r2aebe3r,areer2b3,br3re2ea
rosarn79,Rosetta,Arnetta,203747657,Arnetta.Rosetta@nowhere.com,r79anros,9r7snrao,n7ra9ors
caugis45,Caughran,Giselle,2067661869,Giselle.Caughran@nowhere.com,c54gisau,scu4iga5,iguac45s
sajmar70,Sajdak,Marcelino,2083980332,Marcelino.Sajdak@nowhere.com,70rjasma,asma7j0r,rm7a0asj
samall82,Samayoa,Alleen,2039387719,Alleen.Samayoa@nowhere.com,8la2mlas,mls2laa8,8amas2ll
motrap83,Moten,Raphael,2044933528,Raphael.Moten@nowhere.com,r8mat3po,atomp83r,p83amort
helthu94,Helgaas,Thurman,2057604124,Thurman.Helgaas@nowhere.com,l9ethhu4,thl9he4u,9thuhle4
sitsal72,Sitt,Salley,2065208696,Salley.Sitt@nowhere.com,stsla72i,as2isl7t,72ssaitl
carlou89,Carreon,Louann,2031623089,Louann.Carreon@nowhere.com,ol9caru8,au89orcl,rolcu89a
giblor05,Gibbings,Loris,2028716379,Loris.Gibbings@nowhere.com,g5i0robl,g0blr5oi,gr0iolb5
wurmar58,Wurgler,Mark,200726944,Mark.Wurgler@nowhere.com,arw85umr,a5rwrm8u,r8um5arw
akaruf28,Akawanzie,Rufus,2012024331,Rufus.Akawanzie@nowhere.com,raua82fk,a8r2kufa,f28rakau
lintra83,Linzie,Travis,2076244692,Travis.Linzie@nowhere.com,t3ali8nr,n8lri3at,3ni8alrt
heneli90,Henrickson,Elizabet,2042623701,Elizabet.Henrickson@nowhere.com,le0inh9e,eilnh0e9,n9il0ehe
preser37,Prewer,Serafina,205936650,Serafina.Prewer@nowhere.com,7pe3ersr,3erse7rp,re7s3pre
pecdyl84,Pech,Dylan,2054906454,Dylan.Pech@nowhere.com,8c4dlyep,py48delc,e8ycpld4
lucpal52,Lucksinger,Palmira,2014025821,Palmira.Lucksinger@nowhere.com,l5lcpa2u,2uplc5la,plcl52au
wehmar42,Wehring,Marcia,2027953978,Marcia.Wehring@nowhere.com,wame2h4r,4eaw2mrh,eh2awrm4
hermin93,Hermosura,Mindi,2039435621,Mindi.Hermosura@nowhere.com,en9hr3mi,hr93imne,me9nh3ir
mentai09,Meneely,Taisha,2057038441,Taisha.Meneely@nowhere.com,0emait9n,entma09i,9iaetm0n
fabwen43,Fabiszewski,Wendi,206110584,Wendi.Fabiszewski@nowhere.com,4awne3bf,3nafwe4b,nfbwae43
patwon15,Patoine,Wonda,2045999456,Wonda.Patoine@nowhere.com,1opnta5w,wnao51pt,np1w5tao
bukaud97,Bukovac,Audria,207049895,Audria.Bukovac@nowhere.com,u79uakbd,a7kudbu9,9u7udakb
semlor51,Semmes,Loraine,2070303981,Loraine.Semmes@nowhere.com,5moers1l,eorl51ms,ro1s5eml
morjai94,Morando,Jaime,2025815416,Jaime.Morando@nowhere.com,iam9ojr4,ijrm9a4o,49aroimj
