clatar55,Clark,Tara,Tara.Clark@nowhere.com
vargar50,Vargas,Gary,Gary.Vargas@nowhere.com
munzac32,Munoz,Zachary,Zachary.Munoz@nowhere.com
wilgwe39,Wilson,Gwendolyn,Gwendolyn.Wilson@nowhere.com
jonwil14,Jones,William,William.Jones@nowhere.com
robrya17,Robinson,Ryan,Ryan.Robinson@nowhere.com
davwes52,Davis,Wesley,Wesley.Davis@nowhere.com
rosjer76,Rose,Jeremy,Jeremy.Rose@nowhere.com
lewjam55,Lewis,Jamie,Jamie.Lewis@nowhere.com
sminat20,Smith,Nathan,Nathan.Smith@nowhere.com
davjam77,Davis,James,James.Davis@nowhere.com
