webdio22,Weberg,Dion,208145711,Dion.Weberg@nowhere.com,ed22boiw,o2e2ibwd,io2b2wed
kroann93,Kronau,Annett,204134257,Annett.Kronau@nowhere.com,n9r3nkao,3kanrn9o,r3akn9on
zelpat20,Zelasko,Patrick,206690359,Patrick.Zelasko@nowhere.com,ea20tlpz,tez2pla0,az2etpl0
kevlev65,Kevan,Levi,2056976490,Levi.Kevan@nowhere.com,kevle56v,v6k5eevl,v5k6eelv
berjan46,Berrey,Janita,2033873595,Janita.Berrey@nowhere.com,bnj6r4ea,r6eajbn4,ernaj46b
brumor36,Brummitt,Morton,2069688152,Morton.Brummitt@nowhere.com,rrm6buo3,3bom6rur,rmu3bro6
alhjar93,Alhambra,Jared,204381683,Jared.Alhambra@nowhere.com,rh9aa3lj,3la9rajh,9jlaahr3
riedel53,Rieu,Delila,203106586,Delila.Rieu@nowhere.com,le3die5r,rediel53,i3e5lrde
loncol37,Longanecker,Collene,2001203295,Collene.Longanecker@nowhere.com,l3l7cnoo,ol7o3lcn,colo37nl
dawchr25,Daws,Christa,2035069100,Christa.Daws@nowhere.com,dh2raw5c,wca5dr2h,
wateve58,Watkin,Evelyn,205866962,Evelyn.Watkin@nowhere.com,ewavte58,8wavt5ee,a8ewt5ev
schfel71,Schamber,Felica,2037784018,Felica.Schamber@nowhere.com,s1flhe7c,hfcles17,7e1lschf
goutim25,Goud,Timika,202153829,Timika.Goud@nowhere.com,ogmu5i2t,ui5ogm2t,m5ug2iot
warmoz45,Warf,Mozell,2043270325,Mozell.Warf@nowhere.com,wom45azr,wam5z4or,o54azrwm
frukel84,Frutos,Keli,209793502,Keli.Frutos@nowhere.com,ule48frk,l4kuf8re,fu8kl4re
bartam70,Bargen,Tameka,2088030174,Tameka.Bargen@nowhere.com,0mta7abr,rt0m7aab,rtm7aa0b
gouole55,Goulet,Oleta,208341504,Oleta.Goulet@nowhere.com,el55goou,looe55ug,ueo5olg5
kirlai40,Kiracofe,Lai,202869076,Lai.Kiracofe@nowhere.com,iak4rl0i,4alikri0,r0ilaik4
mietyl52,Miehe,Tyler,204402587,Tyler.Miehe@nowhere.com,lme5t2yi,yl5eimt2,m25tiley
mollan96,Molleda,Lanora,209069673,Lanora.Molleda@nowhere.com,lo6nal9m,9lo6manl,9lomanl6
telari76,Telleria,Ariane,201996313,Ariane.Telleria@nowhere.com,ralit7e6,e76itlar,a7lite6r
kissha75,Kishbaugh,Sharyl,2053927824,Sharyl.Kishbaugh@nowhere.com,s5ahik7s,ia7kh5ss,a75skhis
genjod99,Genco,Jodie,2072595108,Jodie.Genco@nowhere.com,ejg99nod,jendo9g9,ndo9e9jg
raithu95,Raimann,Thuy,2029115652,Thuy.Raimann@nowhere.com,59htauir,9rhtuia5,rtih5u9a
dicbon81,Dicastro,Bong,208813446,Bong.Dicastro@nowhere.com,1b8ciodn,o8bin1dc,c8bod1in
leeleo63,Leebrick,Leonida,2012168186,Leonida.Leebrick@nowhere.com,eoee3l6l,eo6llee3,le6ole3e
pieass83,Piedmont,Assunta,201917076,Assunta.Piedmont@nowhere.com,sai8esp3,s3sipea8,aesp8si3
oesbel39,Oesch,Belia,203435315,Belia.Oesch@nowhere.com,ebo9els3,es93elbo,so3eel9b
vancat98,Vanderboom,Cathie,203111064,Cathie.Vanderboom@nowhere.com,9ncavta8,9ncat8va,nctaa9v8
moole098,Moorhouse,Le,2049067210,Le.Moorhouse@nowhere.com,809omoel,em890loo,le80om9o
casshe04,Castelum,Shea,2032074337,Shea.Castelum@nowhere.com,ecssa4h0,sh04caes,ash4cs0e
modpea91,Moderski,Pearlene,2031245806,Pearlene.Moderski@nowhere.com,oa1e9dmp,9epmda1o,po1dame9
rubcha86,Ruben,Chanell,2005276678,Chanell.Ruben@nowhere.com,cbru6a8h,8hbacr6u,8hcrab6u
attwin38,Attleson,Winter,2091893951,Winter.Attleson@nowhere.com,tw38itan,titn8wa3,t83naiwt
pulkou02,Pulford,Kourtney,2087467770,Kourtney.Pulford@nowhere.com,l2kupou0,upolu0k2,kuul20op
fugmay66,Fugah,Maybell,2048528211,Maybell.Fugah@nowhere.com,yg6uam6f,mu6yf6ag,ymgfau66
schkit44,Schlabaugh,Kittie,2013755328,Kittie.Schlabaugh@nowhere.com,kc4sti4h,t4cihsk4,his4kt4c
brojar36,Browers,Jarod,208438704,Jarod.Browers@nowhere.com,r6a3robj,rrb6jao3,ar6robj3
mcmalf60,Mcmillan,Alfredo,2036293877,Alfredo.Mcmillan@nowhere.com,0mfa6mlc,0mlf6cma,am0lmfc6
stodan37,Stowman,Danika,2002012994,Danika.Stowman@nowhere.com,7tdoan3s,nsad3to7,dtn37sao
bashec60,Bastilla,Hector,2045673523,Hector.Bastilla@nowhere.com,h6ace0bs,0sceabh6,h60cabse
abtfer03,Abt,Fermin,204656341,Fermin.Abt@nowhere.com,r0eba3tf,3brfat0e,aetfb30r
ancbet98,Anciso,Bette,2091422047,Bette.Anciso@nowhere.com,bc9tna8e,cbte8na9,8ab9ecnt
flijua99,Flinchum,Juan,206760588,Juan.Flinchum@nowhere.com,ju99lfia,9fialj9u,a9fjl9ui
ryldon74,Ryles,Donella,201383716,Donella.Ryles@nowhere.com,ondy74lr,lr7ydon4,dn47yolr
brieli08,Brillant,Elijah,2032221372,Elijah.Brillant@nowhere.com,lbi8r0ie,iil80rbe,bi8lre0i
stelau45,Steinlicht,Laurence,2050597605,Laurence.Steinlicht@nowhere.com,4au5tles,tsu5a4le,utes5a4l
crasar52,Crary,Sarah,2023880385,Sarah.Crary@nowhere.com,52sraarc,arasr25c,casr25ar
carcyr82,Carodine,Cyrstal,202118388,Cyrstal.Carodine@nowhere.com,2rr8yacc,ryc2cr8a,cr8y2cra
monjoa77,Mondoux,Joann,209698420,Joann.Mondoux@nowhere.com,m7na7ooj,oj7nm7ao,onjoma77
kehgal38,Kehm,Gala,209778724,Gala.Kehm@nowhere.com,8hgelak3,akelg3h8,lgae8h3k
zenlal62,Zenisek,Lala,202848990,Lala.Zenisek@nowhere.com,z6ll2nea,zl2la6ne,nlz6l2ea
odoali86,Odomes,Aline,2035393578,Aline.Odomes@nowhere.com,dioo68al,loda8io6,dol6ao8i
ploshe02,Plouffe,Shella,2005358965,Shella.Plouffe@nowhere.com,le2posh0,0s2ohpel,2oelp0hs
balbro35,Ball,Brook,205428862,Brook.Ball@nowhere.com,b3oarlb5,br5ol3ab,l3oab5br
aripam95,Arias,Pamela,2068410575,Pamela.Arias@nowhere.com,ri9a5pma,mp9i5ara,5iraamp9
harcor38,Haris,Corliss,2091191951,Corliss.Haris@nowhere.com,aro8c3rh,hrar8oc3,rr83aoch
kranov21,Krass,Nova,2068461865,Nova.Krass@nowhere.com,1akorn2v,21kovran,2nkva1ro
anteli26,Antenor,Elinore,2002029031,Elinore.Antenor@nowhere.com,nal6eit2,26enitla,26niealt
ottkam05,Ottesen,Kamala,200610574,Kamala.Ottesen@nowhere.com,ta5mt0ok,mtat0ko5,okmta05t
eismar74,Eisert,Marlys,2014410901,Marlys.Eisert@nowhere.com,ia4er7ms,emrsa47i,re47msia
sicale15,Sickles,Aleisha,205123871,Aleisha.Sickles@nowhere.com,lcasie15,eaic5s1l,cl5iea1s
duacam46,Duartes,Camie,2028938473,Camie.Duartes@nowhere.com,adam46cu,d4m6ucaa,umaa64cd
tosref36,Tosto,Refugio,2003344030,Refugio.Tosto@nowhere.com,eos63rtf,3rtsef6o,f63soret
samson84,Sams,Sonya,208660860,Sonya.Sams@nowhere.com,s48namso,o4n8ssma,mas4ons8
lawand27,Lawyer,Andera,209185164,Andera.Lawyer@nowhere.com,la7a2dwn,laan7w2d,7ldna2wa
balste67,Balster,Stefania,2001379588,Stefania.Balster@nowhere.com,7abestl6,ale6ts7b,le67sabt
sallie84,Salkeld,Lien,205143033,Lien.Salkeld@nowhere.com,el84lsia,,sall48ie
aucsha74,Auck,Shavon,207501193,Shavon.Auck@nowhere.com,ca7auhs4,scuha74a,ushc74aa
huujul44,Huus,Julene,207129740,Julene.Huus@nowhere.com,44hlujuu,l4huuu4j,ju44luuh
isalee26,Isagawa,Lee,201013098,Lee.Isagawa@nowhere.com,6l2seaie,e62aesil,l2aeie6s
izalin33,Izarraras,Linsey,203224103,Linsey.Izarraras@nowhere.com,nii3laz3,l3zi3nia,in33izla
viljor03,Vilcan,Jordan,203249593,Jordan.Vilcan@nowhere.com,3vjirl0o,ro3vji0l,3ijrl0ov
pitron27,Pitorak,Ronnie,2071741851,Ronnie.Pitorak@nowhere.com,27rtnipo,np2ort7i,t7on2ipr
desale27,Desimone,Alejandra,2083112361,Alejandra.Desimone@nowhere.com,2asld7ee,ea27ldes,7la2seed
sudvan76,Suders,Vanesa,202195515,Vanesa.Suders@nowhere.com,76adsnvu,unasdv76,7d6suvna
strros83,Strasters,Rosamaria,2006850367,Rosamaria.Strasters@nowhere.com,s3rso8rt,t3o8srrs,3ostrr8s
mckmil70,Mckelvin,Milo,206392949,Milo.Mckelvin@nowhere.com,limk7m0c,ci70mlkm,7lmmk0ci
perkei38,Persichetti,Keila,202731199,Keila.Persichetti@nowhere.com,rep3ike8,eepik8r3,rpke83ie
ernsco82,Ernst,Scott,2060915078,Scott.Ernst@nowhere.com,noe28src,8soncr2e,2srnc8eo
gosber41,Gosselin,Bernarda,2046718909,Bernarda.Gosselin@nowhere.com,r1gesbo4,b1oes4gr,b1segro4
rexles85,Rexford,Lesia,2094285022,Lesia.Rexford@nowhere.com,le5r8xse,les58erx,ere5slx8
baiefr03,Baile,Efrain,204572918,Efrain.Baile@nowhere.com,afbr3ie0,f0b3iera,3erabf0i
chemau83,Chen,Maurita,206917689,Maurita.Chen@nowhere.com,cmeau83h,uahc8em3,8cem3hau
holjol78,Hollering,Joleen,200598299,Joleen.Hollering@nowhere.com,o8hl7ojl,87ohlojl,7l8hjloo
denmar47,Denina,Marcella,2023012357,Marcella.Denina@nowhere.com,7mn4arde,mrd4ane7,r4m7ndea
melcar45,Melstrom,Carleen,2042281101,Carleen.Melstrom@nowhere.com,r4alcme5,l54rmace,mr4cel5a
linalb71,Lineweaver,Albertha,2064379786,Albertha.Lineweaver@nowhere.com,1ln7liab,7illbna1,
wiljol23,Wildt,Jolanda,203437117,Jolanda.Wildt@nowhere.com,3wjoll2i,wlo2j3li,ill2jo3w
raidar53,Rainha,Darryl,204991617,Darryl.Rainha@nowhere.com,dra5air3,daira3r5,3raidr5a
collor78,Cologie,Lorina,207315211,Lorina.Cologie@nowhere.com,loc87olr,78lclroo,
raiedm67,Raimann,Edmund,2074600601,Edmund.Raimann@nowhere.com,ea6d7mri,ria6edm7,7e6amird
osmall98,Osment,Allison,2084763778,Allison.Osment@nowhere.com,l8am9slo,8lamo9ls,slm8o9al
baldan82,Balles,Dane,2081923905,Dane.Balles@nowhere.com,bdla82na,2n8ladab,a2nlb8ad
godvel34,Godines,Velva,2091817051,Velva.Godines@nowhere.com,4d3geolv,o3dlve4g,dl4gev3o
mendin86,Menino,Dino,2010552023,Dino.Menino@nowhere.com,e6imndn8,nnde6i8m,i86ndemn
mooarl24,Moore,Arla,2008209806,Arla.Moore@nowhere.com,lam24roo,l4om2aor,2ml4rooa
drunat92,Drummonds,Nathan,209022388,Nathan.Drummonds@nowhere.com,,anu9td2r,rtuadn92
delmos01,Delmont,Mose,2043440583,Mose.Delmont@nowhere.com,msdo1el0,o0sel1md,l1d0esmo
kopell17,Kopp,Ellis,2006001469,Ellis.Kopp@nowhere.com,1e7lpkol,llo17kpe,k7oelp1l
milver97,Milam,Vernell,205724768,Vernell.Milam@nowhere.com,7rmv9lei,9irmvel7,r7mvli9e
braagr75,Branscombe,Agripina,2094020667,Agripina.Branscombe@nowhere.com,7aabrr5g,7brgr5aa,rr7aag5b
doojam55,Doolin,James,2048419967,James.Doolin@nowhere.com,jo55damo,mj55oaod,o55mdoja
masmer58,Massanet,Merrill,2078105904,Merrill.Massanet@nowhere.com,5ms8mera,rmaem8s5,srm58aem
khnric16,Khn,Richelle,209067436,Richelle.Khn@nowhere.com,hcn61ikr,irhnkc61,ih16ckrn
edddan66,Eddie,Daniel,2068491137,Daniel.Eddie@nowhere.com,a66ddnde,6dae6ndd,d66ndeda
strevi74,Stroede,Evie,2068260966,Evie.Stroede@nowhere.com,ristv7e4,tr7e4ivs,i7rt4ves
ogacat79,Ogans,Cathrine,206496511,Cathrine.Ogans@nowhere.com,7atc9ago,7acgoat9,oa7t9cag
corron20,Cortina,Ronnie,204088949,Ronnie.Cortina@nowhere.com,c2rr0oon,co2orrn0,oorrnc02
eicrol89,Eichberg,Rolando,205406671,Rolando.Eichberg@nowhere.com,or8ile9c,l9r8coei,c9orlei8
sielyn36,Siefert,Lynelle,202911070,Lynelle.Siefert@nowhere.com,6y3isnel,neslyi36,36lysnie
burjef88,Burnap,Jeffrey,2038267250,Jeffrey.Burnap@nowhere.com,8efjbu8r,8jrebuf8,j8ubre8f
mcamil72,Mcaboy,Millicent,200209751,Millicent.Mcaboy@nowhere.com,2a7cmmli,im7ml2ac,7imla2mc
citchr28,Citroni,Christiana,2064180548,Christiana.Citroni@nowhere.com,i82hctcr,2cthci8r,c8hcr2it
becrod69,Becky,Rod,201464768,Rod.Becky@nowhere.com,c9deb6or,coe69bdr,ec96odbr
corelv24,Cordasco,Elvira,204933851,Elvira.Cordasco@nowhere.com,rev2olc4,rlv2o4ce,veo42lrc
squant96,Squires,Antonia,2055479593,Antonia.Squires@nowhere.com,nq9stu6a,a6n9tsqu,6asq9nut
forflo76,Forsmark,Florinda,208466258,Florinda.Forsmark@nowhere.com,r6oflfo7,of6ol7rf,or7o6flf
delsuk07,Delmore,Suk,205094690,Suk.Delmore@nowhere.com,07eduksl,7lukd0es,kl0eud7s
husore53,Husayko,Oren,208585013,Oren.Husayko@nowhere.com,sh3uroe5,huose5r3,uoer35sh
schthe51,Schartz,Theressa,2013146470,Theressa.Schartz@nowhere.com,5esc1hht,eh1s5tch,ehh5ts1c
skiaar30,Skidgel,Aaron,202649392,Aaron.Skidgel@nowhere.com,3arksi0a,ksir3aa0,0sa3irak
gribri07,Griffey,Britany,2026948737,Britany.Griffey@nowhere.com,r70riigb,rri0gbi7,iigr0b7r
haamic47,Haaf,Michal,208936694,Michal.Haaf@nowhere.com,ah74iamc,c4h7aiam,ahcmia74
sweeda10,Sweeten,Eda,2083575827,Eda.Sweeten@nowhere.com,e1d0esaw,e0s1wdae,awsd0ee1
drahal00,Drago,Hallie,209950351,Hallie.Drago@nowhere.com,0la0ardh,darlah00,00harald
whicar61,Whitsitt,Carey,2077055428,Carey.Whitsitt@nowhere.com,6hwri1ac,61wihacr,1carwh6i
endjaz04,Enderby,Jazmin,2078846522,Jazmin.Enderby@nowhere.com,0adenzj4,0d4jzean,nj0ad4ze
reiila00,Reischl,Ilana,2020554331,Ilana.Reischl@nowhere.com,i0il0era,iaire00l,00ieailr
schluc23,Schwinghammer,Lucretia,200946108,Lucretia.Schwinghammer@nowhere.com,sulchc23,clcs32uh,sccu3h2l
jusine23,Justo,Inell,2012298589,Inell.Justo@nowhere.com,3n2usjei,njeu32si,2i3ensuj
roxphi58,Rox,Phillip,2081680431,Phillip.Rox@nowhere.com,xr5ioph8,8hporix5,iprh8ox5
fleils97,Fleischmann,Ilse,2051194618,Ilse.Fleischmann@nowhere.com,sf9elil7,97feisll,7i9eslfl
barsha99,Bartholic,Sharolyn,205123377,Sharolyn.Bartholic@nowhere.com,bahr9s9a,99hrbsaa,ar9bs9ha
holnat36,Holzmeister,Natalie,204500270,Natalie.Holzmeister@nowhere.com,n3tl6aoh,oah6l3nt,oh63lnat
escfra66,Escalet,Frankie,2066351212,Frankie.Escalet@nowhere.com,66rfacse,r66scfae,ea6rscf6
vanthe12,Vanveen,Thelma,2016067721,Thelma.Vanveen@nowhere.com,a12htenv,e12thnva,ne1th2av
wesshe45,Westphalen,Shelly,209947411,Shelly.Westphalen@nowhere.com,eh4s5sew,s5es4hwe,se5s4weh
bisshe25,Bissonnette,Sherise,2081665606,Sherise.Bissonnette@nowhere.com,bsei5sh2,,s5sebh2i
attmoz75,Atterberry,Mozell,203153292,Mozell.Atterberry@nowhere.com,at57omzt,ztam7t5o,5tt7zaom
braeth23,Branden,Ethelene,2032608577,Ethelene.Branden@nowhere.com,3ebhra2t,32tbaehr,te2rbh3a
mamviv64,Mamros,Vivian,2016497521,Vivian.Mamros@nowhere.com,4vm6avmi,vam4m6iv,mvma6iv4
glafre47,Glassman,Fredrick,206390891,Fredrick.Glassman@nowhere.com,gea7rlf4,glfa4er7,4lefarg7
desdus54,Desjardiws,Dustin,2093634772,Dustin.Desjardiws@nowhere.com,dusse4d5,d5eus4sd,u5sds4de
nazdea07,Nazareno,Deana,200264342,Deana.Nazareno@nowhere.com,d07zeana,dan07aez,7aeadz0n
banraq03,Banas,Raquel,2091589523,Raquel.Banas@nowhere.com,qra30abn,3raqa0bn,r3aqab0n
wasros89,Wassermann,Rosette,2053360604,Rosette.Wassermann@nowhere.com,ars98swo,sas9rwo8,w89osasr
mezval54,Mezzanotte,Valorie,203005089,Valorie.Mezzanotte@nowhere.com,mv5leza4,,54vlmzea
ruzcat90,Ruzbasan,Cathy,2024393066,Cathy.Ruzbasan@nowhere.com,9c0aturz,z0uatcr9,tu9zc0ar
wasdam68,Wasserman,Damon,2092694983,Damon.Wasserman@nowhere.com,aa8sdmw6,adm6sa8w,8s6madaw
lapwil62,Laprarie,Wilton,202558774,Wilton.Laprarie@nowhere.com,ipwl62al,lw26liap,al6ipw2l
rannor61,Ranalli,Norbert,2060817503,Norbert.Ranalli@nowhere.com,1nar6nor,6rannr1o,ar6rnon1
trabri33,Traversa,Britney,2003345799,Britney.Traversa@nowhere.com,33batrri,r3ba3tri,3i3rtarb
rozmit31,Roza,Mitzie,203825525,Mitzie.Roza@nowhere.com,i3rm1zot,1mrotiz3,zr31imot
yanaro70,Yantz,Aron,2078207868,Aron.Yantz@nowhere.com,nay7o0ar,ao7na0ry,7rnoay0a
garner10,Garrish,Nerissa,209246760,Nerissa.Garrish@nowhere.com,rera01ng,0rgn1rae,r0nr1ega
roktar17,Rokos,Tari,2090031828,Tari.Rokos@nowhere.com,1rtk7oar,tra7kr1o,7artk1ro
breloy61,Brenden,Loyd,2081645887,Loyd.Brenden@nowhere.com,ey1lrb6o,yl16beor,brlyoe61
honnor38,Honza,Noreen,207365575,Noreen.Honza@nowhere.com,ho83nonr,3o8nnrho,rohn8n3o
bermar07,Bergantzel,Mariana,207470827,Mariana.Bergantzel@nowhere.com,b7am0rer,rbaerm70,rbrmea70
