hubaud75,Hubner,Audra,200312127,Audra.Hubner@nowhere.com,bdu57hua,da5u7uhb,75abudhu
flucha22,Flucas,Chanel,2062750239,Chanel.Flucas@nowhere.com,ul2c2fha,uac2f2lh,c2hla2uf
mcgtif80,Mcgoey,Tiffaney,205219203,Tiffaney.Mcgoey@nowhere.com,0tm8igfc,tgfi8cm0,f80tigcm
mohton16,Moher,Tonya,2014111026,Tonya.Moher@nowhere.com,,o1omtn6h,1mt6ohno
ruzzan50,Ruz,Zana,2024102145,Zana.Ruz@nowhere.com,5zar0znu,5n0urazz,0uza5nzr
heslou40,Hessian,Lourie,203664867,Lourie.Hessian@nowhere.com,eous4hl0,e0lo4hsu,se0hul4o
demjan52,Deman,Janay,200498063,Janay.Deman@nowhere.com,djmea5n2,da2n5mej,5anjdem2
coocha38,Coote,Chas,2058056621,Chas.Coote@nowhere.com,coa8co3h,chc3oao8,cohca38o
bosdre48,Bosten,Drew,208787930,Drew.Bosten@nowhere.com,ds8e4rbo,48bsdoer,rb8e4ods
derdar15,Derobles,Darleen,206779556,Darleen.Derobles@nowhere.com,r1ed5rad,erard15d,r1dr5eda
lanche54,Langsam,Cheryl,2087899641,Cheryl.Langsam@nowhere.com,cn4ehl5a,,anh5cl4e
holdus69,Holtry,Dusty,207130905,Dusty.Holtry@nowhere.com,ou6hs9dl,6shuod9l,dhus69lo
mchmar05,Mchalffey,Marcie,200192521,Marcie.Mchalffey@nowhere.com,crh5mma0,mcm0ahr5,hmam0c5r
sernan52,Serna,Nanci,202707369,Nanci.Serna@nowhere.com,n52naesr,r2nnase5,5ns2erna
lipmal54,Lipszyc,Malika,206199827,Malika.Lipszyc@nowhere.com,m4ali5lp,ap45llmi,pl5l4iam
shaant98,Shaheed,Antonia,209507339,Antonia.Shaheed@nowhere.com,89tansah,na9shta8,nt8saah9
ortsha01,Ortmann,Shaunta,203541668,Shaunta.Ortmann@nowhere.com,at0orsh1,rast10ho,shor10ta
apowil56,Apolo,Wilmer,2006565469,Wilmer.Apolo@nowhere.com,ao5wli6p,wop6ila5,6ail5wpo
mirjos42,Mirjah,Josef,2061726536,Josef.Mirjah@nowhere.com,4m2sijor,rmij4so2,2oi4mrjs
bardal12,Baris,Dalia,201845519,Dalia.Baris@nowhere.com,rda2alb1,1alr2bad,21abadrl
toclyd73,Tocchio,Lydia,204820815,Lydia.Tocchio@nowhere.com,o3yltcd7,yocd73tl,d3otly7c
hinwil97,Hinson,William,2055340998,William.Hinson@nowhere.com,n9hwi7il,i7w9nhli,7lihi9wn
borsha32,Bormann,Shawanda,206910708,Shawanda.Bormann@nowhere.com,r2saobh3,rao2s3hb,a3sboh2r
debfe323,Debray,Fe,2059653095,Fe.Debray@nowhere.com,e2febd33,dbee3f32,2fdbe33e
preell71,Prete,Ellen,2050628551,Ellen.Prete@nowhere.com,ree17pll,ee7lp1rl,l1er7ple
besced40,Beskom,Cedrick,201496593,Cedrick.Beskom@nowhere.com,dbcese40,sc0bee4d,ces40dbe
dityok32,Dittman,Yoko,2039245413,Yoko.Dittman@nowhere.com,ot2idyk3,2ktidoy3,t3y2diok
quesha01,Quercioli,Sharleen,205566456,Sharleen.Quercioli@nowhere.com,qsa0uhe1,aqus0eh1,h0es1qua
boldap42,Bolon,Daphine,202070048,Daphine.Bolon@nowhere.com,pbd4lao2,b4lpoad2,la2op4db
janlor35,Janner,Lorene,2047997614,Lorene.Janner@nowhere.com,an3o5ljr,jonr5la3,3n5lroaj
adoval92,Adolphus,Valarie,2035399296,Valarie.Adolphus@nowhere.com,d9alavo2,oal2vda9,2lovaa9d
gamcol50,Gamon,Coletta,2039710336,Coletta.Gamon@nowhere.com,olg05cma,l0oa5mcg,olagcm50
vanmel17,Vanvliet,Melonie,2005765226,Melonie.Vanvliet@nowhere.com,mle1va7n,enlavm17,1eaml7vn
sloden87,Slown,Dennis,2027000394,Dennis.Slown@nowhere.com,seo7ldn8,8ond7esl,ls8oden7
seldai72,Selzler,Daisy,2033969245,Daisy.Selzler@nowhere.com,a7le2dsi,s7l2iaed,daels27i
switre33,Swiatkowski,Trenton,202423129,Trenton.Swiatkowski@nowhere.com,33ewrsit,its3w3er,3e3tswir
belcar22,Belvees,Carin,2042537072,Carin.Belvees@nowhere.com,ebl2ca2r,ceba2rl2,
carelv57,Carlyle,Elvia,2005547464,Elvia.Carlyle@nowhere.com,av7ecr5l,e7v5ralc,vc5erl7a
vargay50,Varland,Gaylord,2007992264,Gaylord.Varland@nowhere.com,5rvga0ay,gv05aray,vagay05r
stiwen00,Stille,Wen,2087021687,Wen.Stille@nowhere.com,0ws0ietn,nw0e0sit,e0niwst0
stehil26,Steerman,Hilde,206178868,Hilde.Steerman@nowhere.com,i62leths,6sie2thl,isehtl62
walcry02,Waldman,Crystle,200688006,Crystle.Waldman@nowhere.com,a0yr2wcl,c0raylw2,ay20wlcr
degmin39,Degrood,Minta,2046733105,Minta.Degrood@nowhere.com,ndge9i3m,d9gie3nm,imgd3n9e
pasmar37,Passini,Mardell,2024980596,Mardell.Passini@nowhere.com,rama37ps,s3rp7aam,mpsaar73
