patsyd10,Patton,Sydney,Sydney.Patton@nowhere.com
hiltyl15,Hill,Tyler,Tyler.Hill@nowhere.com
norter22,Norris,Terry,Terry.Norris@nowhere.com
chaamb54,Chavez,Amber,Amber.Chavez@nowhere.com
milkat17,Miller,Kathleen,Kathleen.Miller@nowhere.com
lunvan46,Luna,Vanessa,Vanessa.Luna@nowhere.com
wattay36,Watson,Taylor,Taylor.Watson@nowhere.com
scoder14,Scott,Derrick,Derrick.Scott@nowhere.com
cladev16,Clark,Devin,Devin.Clark@nowhere.com
gramic76,Graham,Michael,Michael.Graham@nowhere.com
