woleri08,Wolf,Eric,Eric.Wolf@nowhere.com
garoma95,Garrett,Omar,Omar.Garrett@nowhere.com
wistra62,Wise,Travis,Travis.Wise@nowhere.com
frekat72,Freeman,Kathleen,Kathleen.Freeman@nowhere.com
barpeg19,Barr,Peggy,Peggy.Barr@nowhere.com
chaeri05,Chang,Erin,Erin.Chang@nowhere.com
jonjua52,Jones,Juan,Juan.Jones@nowhere.com
curtam20,Curtis,Tammie,Tammie.Curtis@nowhere.com
casgen94,Castaneda,Gene,Gene.Castaneda@nowhere.com
tormic32,Torres,Michele,Michele.Torres@nowhere.com
smitif57,Smith,Tiffany,Tiffany.Smith@nowhere.com
beatim17,Beasley,Timothy,Timothy.Beasley@nowhere.com
johnat78,Johnson,Nathan,Nathan.Johnson@nowhere.com
marmar92,Martinez,Mark,Mark.Martinez@nowhere.com
