cabsus56,Cabrera,Susan,Susan.Cabrera@nowhere.com
dankar91,Daniels,Karen,Karen.Daniels@nowhere.com
broall51,Brown,Allison,Allison.Brown@nowhere.com
rogcin70,Rogers,Cindy,Cindy.Rogers@nowhere.com
frynic42,Frye,Nicole,Nicole.Frye@nowhere.com
leerob68,Lee,Robert,Robert.Lee@nowhere.com
taymat34,Taylor,Matthew,Matthew.Taylor@nowhere.com
doumic20,Dougherty,Michael,Michael.Dougherty@nowhere.com
roaeli40,Roach,Elizabeth,Elizabeth.Roach@nowhere.com
roytim92,Roy,Tim,Tim.Roy@nowhere.com
ricste57,Rice,Stephanie,Stephanie.Rice@nowhere.com
smijoh96,Smith,John,John.Smith@nowhere.com
garhen08,Garcia,Henry,Henry.Garcia@nowhere.com
alefre61,Alexander,Frederick,Frederick.Alexander@nowhere.com
curkat89,Curry,Katherine,Katherine.Curry@nowhere.com
wilhan00,Wilson,Hannah,Hannah.Wilson@nowhere.com
