heslog99,Hester,Logan,Logan.Hester@nowhere.com
leeles80,Lee,Leslie,Leslie.Lee@nowhere.com
orrale89,Orr,Alexander,Alexander.Orr@nowhere.com
hopmat48,Hopkins,Matthew,Matthew.Hopkins@nowhere.com
wooang45,Wood,Angela,Angela.Wood@nowhere.com
alejoh36,Alexander,John,John.Alexander@nowhere.com
joschr31,Joseph,Christopher,Christopher.Joseph@nowhere.com
bowchr64,Bowman,Christopher,Christopher.Bowman@nowhere.com
joneri09,Jones,Eric,Eric.Jones@nowhere.com
sotchr72,Soto,Christopher,Christopher.Soto@nowhere.com
warmar65,Ward,Mary,Mary.Ward@nowhere.com
