sottom57,Sotiriou,Tomoko,204565844,Tomoko.Sotiriou@nowhere.com,tm5oot7s,otmo57st,7tom5ots
gooshe75,Goosey,Shera,2000139189,Shera.Goosey@nowhere.com,oo7e5gsh,5ogohse7,5oego7hs
mcdkie50,Mcdermitt,Kieth,202297241,Kieth.Mcdermitt@nowhere.com,demc05ki,i0edc5km,05mdecki
wiltyr70,Williamon,Tyree,207224731,Tyree.Williamon@nowhere.com,rtil7yw0,ylt7r0wi,twliy07r
bouleo48,Boucher,Leonarda,205699436,Leonarda.Boucher@nowhere.com,o4olu8be,b4leuo8o,8bl4euoo
zomsta32,Zomora,Stanton,200945486,Stanton.Zomora@nowhere.com,mzts3o2a,3a2msotz,m2sz3aot
rubcha90,Rubendall,Chau,205874334,Chau.Rubendall@nowhere.com,c0rbu9ah,9huacrb0,a09cuhrb
arawoo71,Arave,Woodrow,202043094,Woodrow.Arave@nowhere.com,aa1w7roo,a1r7aowo,oa17awro
kisjay20,Kishbaugh,Jay,2013644741,Jay.Kishbaugh@nowhere.com,yaki20js,ys02kjai,0ai2yskj
stesu006,Stepps,Su,2010442682,Su.Stepps@nowhere.com,su6t0es0,0s6suet0,6suts00e
luaeve73,Luague,Everett,2045544048,Everett.Luague@nowhere.com,e3uavel7,7vue3lea,a3ev7elu
kabvic53,Kabir,Vickey,200366055,Vickey.Kabir@nowhere.com,kibv53ca,k3avc5ib,k5iabvc3
eagpre17,Eagles,Preston,204112842,Preston.Eagles@nowhere.com,1pegra7e,apr1eg7e,p1erae7g
klidyl61,Klish,Dylan,204928893,Dylan.Klish@nowhere.com,ldkl1iy6,klliy16d,16dklyil
medlu173,Medlen,Lu,203355884,Lu.Medlen@nowhere.com,l1em37du,ue371mdl,ul37md1e
arefel49,Arechiga,Felecia,202538614,Felecia.Arechiga@nowhere.com,ra49lfee,r9elfa4e,a4erle9f
gismel19,Gischer,Melida,201835124,Melida.Gischer@nowhere.com,sm19geil,i9emg1sl,gs1iem9l
boweli32,Bowring,Elise,2010451972,Elise.Bowring@nowhere.com,i2boew3l,lobiew32,e3owi2bl
armber51,Armold,Bert,2007780998,Bert.Armold@nowhere.com,rbe5r1ma,1mrab5er,arb1r5em
kontor33,Konyn,Tora,209887839,Tora.Konyn@nowhere.com,oo3r3tnk,rkoo33tn,onkot3r3
azbrob08,Azbell,Robert,2084597277,Robert.Azbell@nowhere.com,ozrb0b8a,b8zo0rba,0robbaz8
leikam29,Leibee,Kamala,2032644767,Kamala.Leibee@nowhere.com,2a9eilkm,m92ilake,eim92alk
melkil34,Meloy,Kiley,2077918642,Kiley.Meloy@nowhere.com,ike3lml4,43klmiel,il3emlk4
hanmar10,Hannahs,Mariela,2072604553,Mariela.Hannahs@nowhere.com,anmra01h,aha10rmn,01ahnrma
dralin19,Drapkin,Lindsey,2033252853,Lindsey.Drapkin@nowhere.com,,n9rdai1l,91andirl
posern82,Poston,Erna,2022751947,Erna.Poston@nowhere.com,o2s8erpn,ep8rsno2,n2or8pse
yanrut78,Yanai,Rutha,204163986,Rutha.Yanai@nowhere.com,8atur7ny,8tyr7nau,8trauy7n
jagsha60,Jago,Shanti,209674904,Shanti.Jago@nowhere.com,jag0h6sa,0jhsga6a,6ghasa0j
stabri66,Stands,Brittni,200599235,Brittni.Stands@nowhere.com,6rtbi6sa,,6atisb6r
conmil66,Cone,Millie,2066149547,Millie.Cone@nowhere.com,6olmicn6,l6ncom6i,mlin66co
shacha44,Sharr,Chang,2050777697,Chang.Sharr@nowhere.com,4cshaah4,shah4c4a,h44chasa
henmel49,Hendler,Mel,205466777,Mel.Hendler@nowhere.com,9meel4hn,4mneehl9,eh49elnm
kemmic07,Kempkens,Michiko,207057904,Michiko.Kempkens@nowhere.com,cimm07ek,i0em7cmk,cmeim0k7
ainroc74,Ainslie,Rocky,205579161,Rocky.Ainslie@nowhere.com,4crn7aio,oi4rnca7,ron4cai7
engtia22,Englert,Tiana,2087775985,Tiana.Englert@nowhere.com,etiga2n2,ega22tin,2an2egit
morfel88,Morss,Felicia,205862859,Felicia.Morss@nowhere.com,oferl8m8,8oml8efr,em8of8rl
bregua17,Breedlove,Guadalupe,2035279196,Guadalupe.Breedlove@nowhere.com,be7ugr1a,reb1g7ua,7buea1rg
snecar33,Sneeden,Carmel,2084586193,Carmel.Sneeden@nowhere.com,3s3racne,na3ser3c,ae3srcn3
brochu34,Brossoit,Chung,2004706865,Chung.Brossoit@nowhere.com,o4buc3rh,3ubrho4c,4u3obcrh
wilsta69,Wilkosz,Stacey,2019850675,Stacey.Wilkosz@nowhere.com,a9lt6iws,ta9wil6s,9siltwa6
alledy89,Alleshouse,Edythe,2070268645,Edythe.Alleshouse@nowhere.com,lde9ly8a,yl9ald8e,l9la8yed
glacin53,Glau,Cinthia,202310327,Cinthia.Glau@nowhere.com,ca53ilng,aicng35l,35ailncg
huedea37,Huehn,Deandrea,207740996,Deandrea.Huehn@nowhere.com,73dheuae,edh7uae3,ed73ehau
vetsam32,Vetri,Samira,208931257,Samira.Vetri@nowhere.com,vma23ets,t3esm2av,3aetvsm2
laisam70,Laizure,Sammy,2027098024,Sammy.Laizure@nowhere.com,7iaa0slm,0lasi7ma,i0msl7aa
deeant55,Deeds,Antione,209049825,Antione.Deeds@nowhere.com,dae55nte,tneea5d5,nt55daee
amoleo29,Amodeo,Leonida,200412991,Leonida.Amodeo@nowhere.com,aoe9olm2,a9elmo2o,loma92oe
soutam10,Souvannakhiry,Tamesha,206229498,Tamesha.Souvannakhiry@nowhere.com,0u1tsamo,0smua1to,must01oa
routas10,Routzahn,Tasha,201235350,Tasha.Routzahn@nowhere.com,usto1ar0,u0ras1ot,0ru1tsoa
munmai03,Munday,Maisha,207024743,Maisha.Munday@nowhere.com,0iuamm3n,0mnmu3ia,3aim0mnu
dermel60,Derrickson,Mellisa,2041793580,Mellisa.Derrickson@nowhere.com,6e0edrlm,0me6rlde,6leed0mr
kremal13,Kreider,Malcom,203561288,Malcom.Kreider@nowhere.com,lermak31,kre31aml,lekarm31
bunelv65,Bunts,Elvira,2028712878,Elvira.Bunts@nowhere.com,benl6vu5,b5nl6evu,5vluneb6
uplone17,Uplinger,Oneida,2096735076,Oneida.Uplinger@nowhere.com,uoep71ln,u1l7pnoe,p7eno1lu
durkir38,Durelli,Kira,207641911,Kira.Durelli@nowhere.com,rrkid8u3,d8u3irkr,3iu8rdrk
amolei77,Amoruso,Leila,2032851683,Leila.Amoruso@nowhere.com,7i7olmea,i7leom7a,ol77imae
kerjos63,Kershner,Josefina,2033445751,Josefina.Kershner@nowhere.com,es6k3roj,ksrjoe63,o6rjs3ke
tonson00,Tony,Sonja,2094276106,Sonja.Tony@nowhere.com,ot0osn0n,,t0o0snno
abathe82,Abalos,Theola,2071550337,Theola.Abalos@nowhere.com,2e8aabth,eaah28tb,aa82tbeh
pharud16,Phaneuf,Rudolf,2092795665,Rudolf.Phaneuf@nowhere.com,16dpruha,ahu1r6dp,pah1rdu6
mareri11,Marturano,Erick,209780648,Erick.Marturano@nowhere.com,1ire1mra,ae11mrri,rem1ai1r
mccshi12,Mccarney,Shirleen,202043093,Shirleen.Mccarney@nowhere.com,csmi21ch,1hmcc2si,mchsc12i
jakdim94,Jakubov,Dimple,204365610,Dimple.Jakubov@nowhere.com,kj4a9mid,dikjma49,j49idamk
colzan49,Collaco,Zane,2050392098,Zane.Collaco@nowhere.com,4ao9nlcz,oa9nlzc4,a9nloz4c
abldar08,Ablang,Daron,2087758608,Daron.Ablang@nowhere.com,d0a8albr,ld8rb0aa,br0a8ald
tulmar65,Tuller,Maryanna,202156305,Maryanna.Tuller@nowhere.com,rtu6ml5a,6m5rault,ratmu65l
hibnoa24,Hibbitts,Noah,203299463,Noah.Hibbitts@nowhere.com,n4io2hab,hoa4nb2i,o2biahn4
rasall31,Rasset,Alline,206023780,Alline.Rasset@nowhere.com,la1sa3lr,1ra3llsa,sl13arla
wyndon58,Wynia,Donya,200805438,Donya.Wynia@nowhere.com,nd5oy8wn,5ndoyw8n,onnw85yd
guslex34,Gusmar,Lexie,201276841,Lexie.Gusmar@nowhere.com,43sugxle,u4ls3xge,xlg3use4
wenjoh95,Wene,Johnetta,2064105779,Johnetta.Wene@nowhere.com,jhne5w9o,9ewn5hoj,wj5e9nho
hercam15,Hertzberg,Camila,205403723,Camila.Hertzberg@nowhere.com,mr5e1cah,51cehram,mrhe5ca1
sikaug15,Sikkema,August,2057778617,August.Sikkema@nowhere.com,a1ugkis5,1ui5kgas,ikgu1sa5
jurmar94,Jurez,Maryjo,2046660155,Maryjo.Jurez@nowhere.com,9maruj4r,r4umj9ar,mjrr94ua
elllul62,Ellson,Lulu,2011919685,Lulu.Ellson@nowhere.com,ll26llue,2el6lull,le2llu6l
benmon26,Benjamin,Monroe,2015754908,Monroe.Benjamin@nowhere.com,nme6b2no,emo2nb6n,6nen2omb
hartam90,Harter,Tameika,2087398202,Tameika.Harter@nowhere.com,a0thm9ra,hmta9ra0,raa09hmt
netbre53,Netto,Brett,2029989180,Brett.Netto@nowhere.com,eb3n5rte,net5e3br,eb53rnet
sonjoh79,Sondag,Johnathan,209330851,Johnathan.Sondag@nowhere.com,s9o7ojhn,on79hosj,s7j9nooh
reonor17,Reos,Norine,204083984,Norine.Reos@nowhere.com,oon1rre7,eonrro71,n1e7oror
ruejan34,Ruetz,Jannet,2012168239,Jannet.Ruetz@nowhere.com,j3u4eanr,34nuejar,urn4ea3j
arsshe72,Arslanian,Shea,2093547195,Shea.Arslanian@nowhere.com,7aes2shr,easrs2h7,sshrae27
shaide33,Shams,Idella,208839880,Idella.Shams@nowhere.com,3seah3di,di3es3ha,3d3ieahs
pulfau88,Pulkkinen,Faustino,2099150556,Faustino.Pulkkinen@nowhere.com,8ualu8pf,fu8pu8al,faulu8p8
hamhal74,Hamada,Hal,202206343,Hal.Hamada@nowhere.com,a4amh7lh,aa4hlhm7,4hma7alh
