merchr42,Merritt,Christopher,Christopher.Merritt@nowhere.com
webmis29,Webb,Misty,Misty.Webb@nowhere.com
walbro52,Walton,Brooke,Brooke.Walton@nowhere.com
cobren87,Cobb,Renee,Renee.Cobb@nowhere.com
jonsam77,Jones,Samuel,Samuel.Jones@nowhere.com
jampat41,James,Patrick,Patrick.James@nowhere.com
mitjer29,Mitchell,Jeremy,Jeremy.Mitchell@nowhere.com
leeaar29,Lee,Aaron,Aaron.Lee@nowhere.com
wriamy65,Wright,Amy,Amy.Wright@nowhere.com
claeli23,Clark,Elizabeth,Elizabeth.Clark@nowhere.com
lonjoh78,Long,John,John.Long@nowhere.com
hardar74,Harrington,Darrell,Darrell.Harrington@nowhere.com
colroy44,Coleman,Roy,Roy.Coleman@nowhere.com
engsha46,English,Shawn,Shawn.English@nowhere.com
wonbri50,Wong,Brittney,Brittney.Wong@nowhere.com
daveli64,Davis,Elizabeth,Elizabeth.Davis@nowhere.com
skinic43,Skinner,Nicole,Nicole.Skinner@nowhere.com
scoric75,Scott,Ricky,Ricky.Scott@nowhere.com
garjai29,Garza,Jaime,Jaime.Garza@nowhere.com
smiada56,Smith,Adam,Adam.Smith@nowhere.com
boyjan32,Boyle,Janice,Janice.Boyle@nowhere.com
vanale02,Vance,Alexis,Alexis.Vance@nowhere.com
leegre28,Lee,Gregg,Gregg.Lee@nowhere.com
kirgar63,Kirk,Gary,Gary.Kirk@nowhere.com
