knudor20,Knuckles,Dorene,2063015262,Dorene.Knuckles@nowhere.com,r02dokun,n2o0rkdu,dnuok20r
kashea78,Kaspar,Heath,201607015,Heath.Kaspar@nowhere.com,ha7skae8,aeak7sh8,ae7sak8h
kunste43,Kuniyoshi,Stephen,206609750,Stephen.Kuniyoshi@nowhere.com,uekst34n,nu4setk3,nesk4ut3
klejul11,Klear,Julietta,203528673,Julietta.Klear@nowhere.com,llu1j1ke,k1leuj1l,eu11lkjl
madlav98,Madray,Lavelle,202368310,Lavelle.Madray@nowhere.com,d9laam8v,da8m9avl,daml8va9
hazang22,Hazelrig,Angelika,205795863,Angelika.Hazelrig@nowhere.com,ahgzn22a,2ahza2ng,anz2h2ga
spieni15,Spika,Enid,201425363,Enid.Spika@nowhere.com,sn5ipie1,p1ni5eis,e1pisn5i
cyrmel69,Cyran,Melodee,2058717047,Melodee.Cyran@nowhere.com,mrcy9l6e,9eclmr6y,er6cmy9l
carcle74,Carmine,Cleveland,204088217,Cleveland.Carmine@nowhere.com,c74acerl,4rlceac7,cer4l7ca
fuklea78,Fukui,Lea,204427793,Lea.Fukui@nowhere.com,aek87ful,el7ukaf8,7fluek8a
chilea08,Chizmar,Lean,207833769,Lean.Chizmar@nowhere.com,lieh80ca,8elac0ih,ah0cl8ei
mirman84,Miro,Mandi,2062744299,Mandi.Miro@nowhere.com,irna48mm,ri8mnm4a,i4nma8mr
slarac70,Slatin,Rachael,205541920,Rachael.Slatin@nowhere.com,larsca07,0rl7acsa,7arcl0sa
stibre29,Stickler,Bree,205387276,Bree.Stickler@nowhere.com,t2r9sbei,irt92bes,tie2rb9s
schari86,Schutt,Arie,206797803,Arie.Schutt@nowhere.com,hs86raci,86hicsra,c6arhsi8
guacha09,Guardarrama,Charolette,2065501183,Charolette.Guardarrama@nowhere.com,hca0gua9,achuag90,0hagc9ua
ducmab73,Ducker,Mable,201731871,Mable.Ducker@nowhere.com,b7dm3cau,mbcau7d3,3mc7uadb
barber27,Barrows,Bernadine,209893792,Bernadine.Barrows@nowhere.com,b7eab2rr,arebb72r,7brrab2e
shamar18,Shambley,Marni,2088808995,Marni.Shambley@nowhere.com,ra8sham1,ar8amsh1,a1rmh8as
cosyae11,Cosley,Yael,202037092,Yael.Cosley@nowhere.com,y1es1oca,ea1yosc1,a1soy1ec
crolil21,Crowson,Lilia,2078789193,Lilia.Crowson@nowhere.com,2lrilo1c,1lil2rco,c2ilolr1
gobshe95,Gobin,Shelba,2030573679,Shelba.Gobin@nowhere.com,bsg9he5o,hb5ose9g,5obsgh9e
ritjos61,Ritzman,Jospeh,208831793,Jospeh.Ritzman@nowhere.com,jristo61,1itjs6ro,rti16sjo
tirmar22,Tirado,Marshall,2081984329,Marshall.Tirado@nowhere.com,r2tmra2i,arti2rm2,mirar22t
schjol74,Schoppe,Joline,2072016746,Joline.Schoppe@nowhere.com,s47chjol,4ljocsh7,ol7js4hc
foncha80,Fondren,Charley,205487710,Charley.Fondren@nowhere.com,fna0hc8o,f8ocnha0,f08hocna
schmic02,Schrank,Michael,201719129,Michael.Schrank@nowhere.com,msh0c2ic,2ms0icch,0ismh2cc
pitret97,Pitch,Reta,2054237783,Reta.Pitch@nowhere.com,erit7p9t,79tpeitr,ietptr79
ritdes21,Ritter,Desiree,200442040,Desiree.Ritter@nowhere.com,i2s1tder,ied2sr1t,t2srei1d
bornic25,Bordner,Nicolas,2025361474,Nicolas.Bordner@nowhere.com,c25ribon,2n5cirob,cin2ro5b
medbee11,Medema,Bee,201941630,Bee.Medema@nowhere.com,b11edmee,em1debe1,em1dbee1
legtam42,Legnon,Tamala,2060845338,Tamala.Legnon@nowhere.com,al2tmge4,t4a2mgel,e4agml2t
rotmel63,Rothe,Mellissa,2053437704,Mellissa.Rothe@nowhere.com,to3el6mr,6e3rotml,m3tel6or
yammor57,Yamnitz,Morgan,201136249,Morgan.Yamnitz@nowhere.com,o7mmy5ar,ryaom7m5,75mmaroy
pulira12,Pullie,Ira,2021769762,Ira.Pullie@nowhere.com,aiprul21,,url1ia2p
hasgil22,Hassett,Gilberte,204116505,Gilberte.Hassett@nowhere.com,2iahlg2s,22hlsagi,lah2gs2i
sacsyd79,Saccone,Sydney,2032823750,Sydney.Saccone@nowhere.com,sasdy7c9,d7syacs9,c9adsy7s
sliver48,Sliman,Verena,2091050399,Verena.Sliman@nowhere.com,ve48sril,vesl48ir,4rlisev8
mortua37,Morein,Tuan,205095074,Tuan.Morein@nowhere.com,3au7omtr,m7uator3,r7u3oamt
karpaz10,Karageorge,Paz,204867431,Paz.Karageorge@nowhere.com,praa0kz1,a10apzrk,kzap10ar
smoken70,Smolko,Kendall,2054914995,Kendall.Smolko@nowhere.com,n07ksoem,s0eomn7k,ke0nmso7
alejea60,Alea,Jeane,202733834,Jeane.Alea@nowhere.com,aj60eael,aaej06le,jla0eea6
trapat59,Trank,Patrina,2045541738,Patrina.Trank@nowhere.com,tap9rt5a,5raptta9,ta95artp
mccdan03,Mccamant,Dannie,2026902237,Dannie.Mccamant@nowhere.com,dnmcc30a,d3an0ccm,0dmcanc3
bodwin91,Bodie,Winnie,201375497,Winnie.Bodie@nowhere.com,owib9d1n,iw9od1nb,d9oni1wb
rutter09,Rutherford,Teresita,2092940351,Teresita.Rutherford@nowhere.com,ue09rrtt,rtt09eur,ttrre9u0
glamar77,Gladwell,Marine,2097636827,Marine.Gladwell@nowhere.com,77rlgaam,gamr7la7,mga7l7ar
ossedy23,Ossola,Edythe,205640848,Edythe.Ossola@nowhere.com,sys2eo3d,yde2os3s,2dsosey3
becpam91,Beckum,Pam,201918730,Pam.Beckum@nowhere.com,m9b1paec,p1bce9ma,cpm9abe1
rofcan56,Roffe,Candi,2079730340,Candi.Roffe@nowhere.com,frc6n5oa,n5ro6fca,ran56cfo
greadr11,Greaver,Adrianne,2015119365,Adrianne.Greaver@nowhere.com,rra1egd1,dagrr1e1,dr1er1ga
musdam01,Mushtaq,Damian,2088008244,Damian.Mushtaq@nowhere.com,0da1musm,mm0su1da,asmm1d0u
mallau16,Malave,Laurine,203902887,Laurine.Malave@nowhere.com,6lam1alu,lu1lm6aa,l1a6mual
tullin51,Tullos,Linnea,206492156,Linnea.Tullos@nowhere.com,iln5ut1l,nu5il1tl,lt1ulin5
mcasha83,Mcaveney,Sharda,201246429,Sharda.Mcaveney@nowhere.com,hm8cas3a,aas3ch8m,
koljav57,Kollman,Javier,2016193096,Javier.Kollman@nowhere.com,7avokl5j,7ovla5jk,lko7v5aj
leiste95,Leitner,Steffanie,2060585912,Steffanie.Leitner@nowhere.com,9eliets5,ieel5s9t,tl59isee
boreve57,Borowiec,Eve,207711075,Eve.Borowiec@nowhere.com,5e7ovebr,r7oebe5v,7roeeb5v
refcon11,Reffner,Constance,2020512216,Constance.Reffner@nowhere.com,r1foe1cn,cno1er1f,f11orcne
atmlar51,Atma,Larissa,2043904730,Larissa.Atma@nowhere.com,1t5raaml,lraa5t1m,51tmaarl
bodmar60,Bodziony,Marilu,2008722494,Marilu.Bodziony@nowhere.com,r0mab6do,abmod60r,am60dbro
freber08,Freiler,Bert,203518496,Bert.Freiler@nowhere.com,bef8r0re,ferbr08e,rf08bree
shiall29,Shillingford,Allena,2034657300,Allena.Shillingford@nowhere.com,llha92si,9i2lsalh,2lhslai9
decfer17,Decorte,Fernande,2015017444,Fernande.Decorte@nowhere.com,1de7frec,1crdefe7,er7dc1fe
cavjoh34,Cavaliero,Johnson,202331971,Johnson.Cavaliero@nowhere.com,jvahoc43,oh3vcj4a,o3vjh4ac
tilhar91,Tillie,Harrison,2067924794,Harrison.Tillie@nowhere.com,l9ti1hra,l1irth9a,h9al1irt
erhjoa02,Erholm,Joannie,208960806,Joannie.Erholm@nowhere.com,r0oj2aeh,e2ah0jor,e2ja0ohr
wromar26,Wrotten,Marlin,2019308007,Marlin.Wrotten@nowhere.com,rwoa2rm6,wo2marr6,62mrawro
ruljes40,Ruliffson,Jesus,2039468306,Jesus.Ruliffson@nowhere.com,4jurls0e,se4rl0ju,sljeu04r
ripfai60,Rippey,Faith,2022789733,Faith.Rippey@nowhere.com,iaf6p0ri,6rapif0i,60prifai
stujay39,Studzinski,Jayson,2012403720,Jayson.Studzinski@nowhere.com,y9sjt3au,y3j9auts,j3sau9yt
lucmel48,Luckow,Melvin,202896505,Melvin.Luckow@nowhere.com,luc4el8m,8uclml4e,muel8l4c
kusdov30,Kussmaul,Dovie,206305480,Dovie.Kussmaul@nowhere.com,ud0vs3ko,dkovus30,vodsk30u
manchr19,Mannchen,Christal,2060898632,Christal.Mannchen@nowhere.com,mn19crah,9mrchna1,1mn9rach
ocksuz71,Ocker,Suzan,2013415332,Suzan.Ocker@nowhere.com,kus7cz1o,kzu1o7sc,sok1u7zc
erksyl73,Erke,Sylvester,207189938,Sylvester.Erke@nowhere.com,7se3klry,3skr7ley,sr3lk7ye
cwieas69,Cwiakala,Easter,200459079,Easter.Cwiakala@nowhere.com,6seac9wi,aewsci96,i9e6sacw
shidee79,Shifman,Deeann,200454103,Deeann.Shifman@nowhere.com,i79eehds,7sedeih9,sdie9eh7
heicor31,Heineman,Cora,2082085596,Cora.Heineman@nowhere.com,cer3io1h,ho1e3cir,ieoch1r3
mosrac53,Mossing,Rachael,2009947332,Rachael.Mossing@nowhere.com,3asorcm5,om35csar,am53rocs
bubray63,Bubier,Raymonde,207103041,Raymonde.Bubier@nowhere.com,6br3buya,b6byaru3,ubb6ry3a
baccol64,Bachand,Collette,206877490,Collette.Bachand@nowhere.com,cco46bal,c4ocalb6,ocba64lc
weista02,Weichman,Staci,208893384,Staci.Weichman@nowhere.com,a02stiew,sa2itew0,te2sawi0
saulou08,Sauro,Lourdes,206887356,Lourdes.Sauro@nowhere.com,lusuo80a,sl8o0auu,0oluuas8
loweri23,Lowitz,Eric,206499719,Eric.Lowitz@nowhere.com,2oilre3w,eiwor32l,w3lroi2e
donton32,Donaby,Tonja,203606200,Tonja.Donaby@nowhere.com,3no2dont,no2nd3to,32nnodto
dorlac98,Dorian,Lacy,202341266,Lacy.Dorian@nowhere.com,8lcar9do,ldc9ora8,
guina528,Guile,Na,2048243843,Na.Guile@nowhere.com,na5iu28g,a5ng2ui8,g2n5uia8
prujen93,Prunty,Jennie,206471173,Jennie.Prunty@nowhere.com,n93eujpr,un9rp3ej,pn9jeru3
tileul61,Tiley,Eulalia,2063668871,Eulalia.Tiley@nowhere.com,1te6liul,eli61utl,etilu6l1
purjon27,Purtill,Jonathan,205631214,Jonathan.Purtill@nowhere.com,r2jn7uop,no7jru2p,np7ruj2o
macsuz27,Macrostie,Suzan,2001505731,Suzan.Macrostie@nowhere.com,7u2scamz,umac7zs2,a7uzsc2m
salism16,Saldano,Ismael,203956739,Ismael.Saldano@nowhere.com,m6lssia1,a1lsmi6s,li6ma1ss
ornsca91,Ornedo,Scarlett,2040897664,Scarlett.Ornedo@nowhere.com,9cnars1o,osn1rca9,1ar9socn
kirtie25,Kirnon,Tiesha,208018855,Tiesha.Kirnon@nowhere.com,ekitir25,t5ik2rei,i25etirk
giatam22,Giacopelli,Tama,202925820,Tama.Giacopelli@nowhere.com,im2tga2a,2taaig2m,ama2gi2t
rowsha19,Rowman,Shantae,204295908,Shantae.Rowman@nowhere.com,9ah1rwos,h1oras9w,ash1wo9r
gibell92,Giberson,Ellsworth,207089723,Ellsworth.Giberson@nowhere.com,9lb2ielg,ig92lbel,lgbi9e2l
weljes00,Welfel,Jesus,2087388905,Jesus.Welfel@nowhere.com,00esjelw,e0w0slje,wsel0ej0
rulnoa27,Rullman,Noah,209496551,Noah.Rullman@nowhere.com,rl7u2noa,nra2uo7l,la7r2oun
tarmau49,Tarlton,Maurine,203828126,Maurine.Tarlton@nowhere.com,atma4ur9,rum9ata4,mutraa49
ramjar38,Ramonez,Jarvis,2068862333,Jarvis.Ramonez@nowhere.com,rmr8j3aa,ar3j8ram,3jaa8rrm
laskry44,Lasselle,Krysta,201955842,Krysta.Lasselle@nowhere.com,r4lysa4k,as44kylr,r4al4kys
garche32,Gardocki,Cherrie,202523726,Cherrie.Gardocki@nowhere.com,r2ahec3g,2acghre3,ah32crge
mahkat82,Mahe,Katherina,207406805,Katherina.Mahe@nowhere.com,ham28tka,htka8ma2,mk8ta2ah
nasmar97,Naschke,Margarito,2025843762,Margarito.Naschke@nowhere.com,aa97snmr,9smn7aar,an97arms
nischa15,Nissila,Charley,2014154651,Charley.Nissila@nowhere.com,hsina5c1,c5na1ish,s1nhica5
sovsha10,Soverns,Shara,2029204541,Shara.Soverns@nowhere.com,hvossa10,a1ssh0ov,vsoha0s1
jobchr45,Jobin,Christoper,208013766,Christoper.Jobin@nowhere.com,jrchb5o4,r4c5bhjo,orjc5bh4
holleo80,Hollon,Leola,2001949150,Leola.Hollon@nowhere.com,0hlo8loe,eollo0h8,hol80elo
hubmel17,Huberty,Melia,2006672986,Melia.Huberty@nowhere.com,1meblh7u,hmeu71lb,7b1hmelu
lanjul33,Landgraf,Julieta,2066433245,Julieta.Landgraf@nowhere.com,3jnl3ual,ju3anl3l,j3lan3ul
kreluc32,Krenek,Lucila,2020151929,Lucila.Krenek@nowhere.com,e3kclru2,kce3ru2l,rkuecl23
cankev37,Candle,Kevin,2059498430,Kevin.Candle@nowhere.com,anev7kc3,3eack7vn,ek3n7cav
debkim11,Debella,Kimberli,2078364378,Kimberli.Debella@nowhere.com,d1mkbie1,1bekmd1i,md1e1ibk
liplau66,Lipe,Lauretta,2011563018,Lauretta.Lipe@nowhere.com,6apuil6l,lpa6liu6,al66piul
artann77,Artley,Anna,2000894935,Anna.Artley@nowhere.com,n7tanar7,7tnnra7a,n77ratna
wahdeb97,Wahn,Debbi,2019808278,Debbi.Wahn@nowhere.com,7bhe9wad,b7haedw9,
lunkou53,Lundahl,Kourtney,2006642258,Kourtney.Lundahl@nowhere.com,3kunolu5,lk3uo5un,luo35nku
alaven50,Alai,Venita,2034531312,Venita.Alai@nowhere.com,neva50al,v0aln5ea,n0av5eal
pricol72,Primozich,Collene,2004663908,Collene.Primozich@nowhere.com,c7r2oipl,7rcploi2,cipo7lr2
mancat05,Manous,Catina,2058005052,Catina.Manous@nowhere.com,5tamcan0,cn5atam0,0ntmac5a
vonsta93,Vonseggern,Stanley,2064746515,Stanley.Vonseggern@nowhere.com,ao9sv3tn,va39tsno,s3t9nvoa
stegin69,Steinmacher,Ginette,2043590300,Ginette.Steinmacher@nowhere.com,6engi9ts,6int9gse,te69isgn
stimil00,Stief,Millie,2074343085,Millie.Stief@nowhere.com,,lisi0mt0,s00imitl
volmar55,Vold,Marcell,205934787,Marcell.Vold@nowhere.com,5vl5arom,av5lr5om,5mvlo5ar
schcar01,Schallig,Carmine,203503062,Carmine.Schallig@nowhere.com,h0sa1ccr,acrs1hc0,shc0ac1r
dittoi83,Ditsch,Toi,2027486438,Toi.Ditsch@nowhere.com,oi8t3tdi,ttido8i3,oiti38dt
wirhan44,Wirch,Hana,2081167245,Hana.Wirch@nowhere.com,h4wrian4,hrwn44ia,rhiwa44n
snemir27,Snelgrove,Mirta,2034649205,Mirta.Snelgrove@nowhere.com,i7esr2nm,7semrin2,rme27sni
moyyvo99,Moynihan,Yvone,2074324674,Yvone.Moynihan@nowhere.com,vmyy9o9o,,oo9y9yvm
dismac56,Disparte,Mac,202412589,Mac.Disparte@nowhere.com,d5s6acmi,6s5mdcia,5cs6madi
wissha68,Wishman,Shannon,2038918237,Shannon.Wishman@nowhere.com,s6aw8sih,8shsaiw6,sai6w8sh
adegiu48,Adelsberg,Giuseppe,203184585,Giuseppe.Adelsberg@nowhere.com,u4egd8ia,d8gi4aue,iu8dgea4
schbla95,Schadegg,Blanche,2072498567,Blanche.Schadegg@nowhere.com,hbacs95l,cs59lahb,bcsla59h
takok520,Takeda,Ok,2045613494,Ok.Takeda@nowhere.com,ktko052a,2aokt5k0,02otk5ak
roujes76,Rounkles,Jesica,204722583,Jesica.Rounkles@nowhere.com,uer6jos7,josr7e6u,eu7js6ro
oggjes39,Ogg,Jessika,2024165857,Jessika.Ogg@nowhere.com,gj9oseg3,sjgeog39,jes3og9g
soolea08,Soohoo,Leanna,2008368892,Leanna.Soohoo@nowhere.com,o0sloa8e,o0sl8oea,osae80lo
strlau95,Strawhorn,Lauri,201438381,Lauri.Strawhorn@nowhere.com,,tas9lur5,ast59rlu
feeama84,Feeler,Amado,208038253,Amado.Feeler@nowhere.com,m8aaefe4,8aee4mfa,84afmeae
scrdel52,Scruggs,Delmy,209169512,Delmy.Scruggs@nowhere.com,eldcs2r5,slredc25,2esdl5rc
pripet09,Priode,Petrina,201776357,Petrina.Priode@nowhere.com,9rtiepp0,pptie09r,eip09rtp
strjoc91,Strayer,Jocelyn,2016379005,Jocelyn.Strayer@nowhere.com,t9roj1cs,c91tsrjo,j9c1ostr
halsho07,Halbritter,Shonda,205118962,Shonda.Halbritter@nowhere.com,o0lsah7h,a0ohlsh7,hlos7a0h
jewpea33,Jewell,Pearlie,2073493790,Pearlie.Jewell@nowhere.com,3peejaw3,3jwaep3e,3jae3wpe
stemuo89,Stender,Muoi,2029566046,Muoi.Stender@nowhere.com,utme9so8,8ouemst9,m8e9tsou
litali13,Littlejohn,Alina,209966027,Alina.Littlejohn@nowhere.com,iia3l1tl,3iltl1ia,itl3l1ai
schbil47,Schmith,Billi,2091868524,Billi.Schmith@nowhere.com,ic4bhls7,7bhls4ic,scl4bih7
blaant52,Blasl,Antoine,2087170376,Antoine.Blasl@nowhere.com,naab5lt2,a5latnb2,nab2tla5
arrlor14,Arraiol,Lore,2089794167,Lore.Arraiol@nowhere.com,rrl4o1ra,lr1or4ar,ro41rral
lyejan35,Lyerly,Jannie,2061660756,Jannie.Lyerly@nowhere.com,eyaljn53,3jany5le,5l3eanyj
guajes43,Gualtieri,Jesusita,208691867,Jesusita.Gualtieri@nowhere.com,se3juag4,s43jeagu,u4sgje3a
durver67,Duraku,Verlie,205677883,Verlie.Duraku@nowhere.com,6vr7drue,6rrduev7,7erur6dv
hamluc16,Hammerle,Lucius,204158102,Lucius.Hammerle@nowhere.com,am6hluc1,aclh16mu,1hluma6c
camlil57,Camey,Lili,206701022,Lili.Camey@nowhere.com,m7lac5li,5i7cmlal,am7ilcl5
herbla72,Herdes,Blake,2078330500,Blake.Herdes@nowhere.com,rl7aeh2b,l72abhre,rl2ea7hb
mcpsus40,Mcpherson,Susy,2081230366,Susy.Mcpherson@nowhere.com,4pus0cms,4psm0usc,4umsspc0
nicter47,Nickey,Terrell,2005324870,Terrell.Nickey@nowhere.com,cne4tri7,tci47ren,eitcrn74
eicdia66,Eick,Dianne,2077717310,Dianne.Eick@nowhere.com,ecad6i6i,ediai66c,6a6idiec
husjas97,Husayko,Jason,209337004,Jason.Husayko@nowhere.com,u7hja9ss,sh7jau9s,aj97shus
percar05,Perez,Carri,200363424,Carri.Perez@nowhere.com,pacr5er0,paerr0c5,ac5rrp0e
