sanste06,Sanchez,Steven,Steven.Sanchez@nowhere.com
doucar07,Douglas,Carmen,Carmen.Douglas@nowhere.com
camgwe06,Campbell,Gwendolyn,Gwendolyn.Campbell@nowhere.com
wagsar29,Wagner,Sarah,Sarah.Wagner@nowhere.com
blaman43,Black,Manuel,Manuel.Black@nowhere.com
brodan28,Brown,Daniel,Daniel.Brown@nowhere.com
greash05,Green,Ashley,Ashley.Green@nowhere.com
mcchan11,Mccormick,Hannah,Hannah.Mccormick@nowhere.com
livron58,Livingston,Ronald,Ronald.Livingston@nowhere.com
rubang03,Rubio,Angela,Angela.Rubio@nowhere.com
rubang69,Rubio,Angela,Angela.Rubio@nowhere.com
smiant01,Smith,Antonio,Antonio.Smith@nowhere.com
