persco24,Perez,Scott,Scott.Perez@nowhere.com
jonchr39,Jones,Christian,Christian.Jones@nowhere.com
wonste36,Wong,Stephen,Stephen.Wong@nowhere.com
wiljoh01,Williams,John,John.Williams@nowhere.com
baiama69,Bailey,Amanda,Amanda.Bailey@nowhere.com
warjas02,Warren,Jason,Jason.Warren@nowhere.com
dalmor39,Dalton,Morgan,Morgan.Dalton@nowhere.com
mitcha18,Mitchell,Chad,Chad.Mitchell@nowhere.com
milhea91,Miller,Heather,Heather.Miller@nowhere.com
gutang55,Gutierrez,Angie,Angie.Gutierrez@nowhere.com
smilau91,Smith,Laura,Laura.Smith@nowhere.com
gricou78,Griffin,Courtney,Courtney.Griffin@nowhere.com
craste97,Crawford,Steven,Steven.Crawford@nowhere.com
davlau69,Davis,Lauren,Lauren.Davis@nowhere.com
jacala15,Jackson,Alan,Alan.Jackson@nowhere.com
hawjam87,Hawkins,James,James.Hawkins@nowhere.com
chesea31,Chen,Sean,Sean.Chen@nowhere.com
herjen33,Herring,Jennifer,Jennifer.Herring@nowhere.com
milant85,Miller,Antonio,Antonio.Miller@nowhere.com
olseli69,Olsen,Elizabeth,Elizabeth.Olsen@nowhere.com
marsar92,Marshall,Sarah,Sarah.Marshall@nowhere.com
landon35,Lang,Donald,Donald.Lang@nowhere.com
wilren46,Williams,Renee,Renee.Williams@nowhere.com
barmat13,Barton,Matthew,Matthew.Barton@nowhere.com
strale30,Strong,Alexander,Alexander.Strong@nowhere.com
