flosar70,Flores,Sara,Sara.Flores@nowhere.com
yourya85,Young,Ryan,Ryan.Young@nowhere.com
carmol92,Cardenas,Molly,Molly.Cardenas@nowhere.com
higchr52,Higgins,Christopher,Christopher.Higgins@nowhere.com
mitamy42,Mitchell,Amy,Amy.Mitchell@nowhere.com
diacry30,Diaz,Crystal,Crystal.Diaz@nowhere.com
cocben01,Cochran,Benjamin,Benjamin.Cochran@nowhere.com
coljas55,Coleman,Jason,Jason.Coleman@nowhere.com
garsuz39,Garza,Suzanne,Suzanne.Garza@nowhere.com
morchr82,Morse,Christina,Christina.Morse@nowhere.com
