eismel68,Eisel,Melida,200205512,Melida.Eisel@nowhere.com,8ee6imsl,ile6s8me,mie8les6
radsho20,Radick,Shonta,2004897284,Shonta.Radick@nowhere.com,2od0rahs,a2r0sdho,0orsda2h
blajoy52,Blatnick,Joyce,205606366,Joyce.Blatnick@nowhere.com,a52ojlby,5ylbo2ja,loyab25j
mormil59,Morre,Mila,205979565,Mila.Morre@nowhere.com,mim9rl5o,mo9i5lmr,9rmmiol5
busdar54,Bushaw,Daron,207681732,Daron.Bushaw@nowhere.com,5aubrds4,4ab5ursd,dbsau5r4
schjav10,Schwarten,Javier,202587647,Javier.Schwarten@nowhere.com,hvj0sa1c,vj01asch,cjhas01v
lanmel78,Languell,Mellie,2008824428,Mellie.Languell@nowhere.com,mel8nla7,lmn8ael7,n7llame8
cremab10,Creech,Mabel,205073404,Mabel.Creech@nowhere.com,ebcr0a1m,0cmra1eb,ebra0cm1
brocha78,Brouwer,Charlotte,2085810142,Charlotte.Brouwer@nowhere.com,hob7rca8,8hrob7ac,ac8ho7br
caeson63,Caez,Sonya,2008864130,Sonya.Caez@nowhere.com,enocs6a3,a63sonec,3oas6cen
monter23,Montejano,Terra,202296069,Terra.Montejano@nowhere.com,me2ront3,32trnmeo,nmt3er2o
heysha25,Heyne,Shaunte,208922263,Shaunte.Heyne@nowhere.com,ah2yes5h,ah25seyh,5h2aheys
robdes91,Rober,Deshawn,206656541,Deshawn.Rober@nowhere.com,1orbde9s,e1rodbs9,ob1drs9e
morsun06,Moreland,Sunshine,207030364,Sunshine.Moreland@nowhere.com,rs0no6mu,num60rso,r6osum0n
derwin29,Derita,Windy,202955528,Windy.Derita@nowhere.com,wer9n2id,di29ewrn,erwn2di9
opshay93,Opsahl,Hayden,209109947,Hayden.Opsahl@nowhere.com,93saypho,asy9pho3,hp3ayos9
pinlav37,Pinela,Laverne,203115234,Laverne.Pinela@nowhere.com,vn7liap3,n73pliav,pnlv3a7i
marluc99,Marlo,Lucie,203841014,Lucie.Marlo@nowhere.com,r9calum9,c9ml9uar,al9u9mrc
rivgle20,Rivkin,Glenn,2003823551,Glenn.Rivkin@nowhere.com,il0rv2ge,gei2vlr0,2iegl0rv
schtwa51,Schwartzbach,Twanna,2080770817,Twanna.Schwartzbach@nowhere.com,ah1ws5tc,cshwt15a,sac5t1hw
vaslet66,Vasos,Leticia,2092272361,Leticia.Vasos@nowhere.com,v66tsale,a6slve6t,6tsle6av
rudgre86,Rudo,Gregory,2060668151,Gregory.Rudo@nowhere.com,r8due6rg,edrru6g8,8rd6erug
kocper25,Koc,Percy,2096994389,Percy.Koc@nowhere.com,okpr25ce,o5ke2crp,ekor25pc
devann77,Devitto,Annabel,2026396848,Annabel.Devitto@nowhere.com,adn7e7vn,7na7dnve,e7nnad7v
micspr70,Mickley,Spring,2008079309,Spring.Mickley@nowhere.com,7mp0rsci,7mc0risp,psmir0c7
woltim72,Wolffe,Tim,205226846,Tim.Wolffe@nowhere.com,wmiot7l2,t7wmoil2,liwtmo27
beagen89,Beaudin,Geneva,201957286,Geneva.Beaudin@nowhere.com,9ba8eeng,9nab8ege,engbe9a8
acahan07,Acampora,Han,2076212497,Han.Acampora@nowhere.com,0chana7a,aac70han,70ahnaac
paporv94,Papageorge,Orval,2011975872,Orval.Papageorge@nowhere.com,opa4pr9v,vpa94opr,9poa4vrp
burana61,Burwell,Anastacia,205827459,Anastacia.Burwell@nowhere.com,1ubaa6nr,6barn1ua,bu6n1ara
sirhel39,Sirkoch,Helaine,2068257497,Helaine.Sirkoch@nowhere.com,lre9ih3s,ehir9s3l,i9sre3hl
rucann26,Ruckel,Annelle,202252705,Annelle.Ruckel@nowhere.com,rcuna2n6,2a6nurcn,ruacn26n
liatre53,Liaw,Trenton,205582320,Trenton.Liaw@nowhere.com,tli3e5ar,li35tare,ai35lret
neyray50,Neyra,Raymon,208956317,Raymon.Neyra@nowhere.com,anry5ye0,na5yery0,yyran05e
brijac85,Briones,Jacques,2043285838,Jacques.Briones@nowhere.com,a8i5rjcb,i8rjacb5,ri58bjca
beddor05,Bedatsky,Dorathy,2073029947,Dorathy.Bedatsky@nowhere.com,derb5do0,rbde0o5d,rebdod05
houdac57,Housen,Dacia,2066272209,Dacia.Housen@nowhere.com,h5oacdu7,od7ucah5,o75hduac
winrol81,Winne,Rolland,2026234077,Rolland.Winne@nowhere.com,ol1r8niw,l8ino1rw,l8ow1irn
balcor85,Balleza,Corrinne,2025362206,Corrinne.Balleza@nowhere.com,5ocalb8r,ra58colb,alr5ocb8
abajaz42,Abarca,Jazmine,201960918,Jazmine.Abarca@nowhere.com,2bzaaaj4,aaab2jz4,z2aja4ab
handus00,Hanke,Dustin,207108120,Dustin.Hanke@nowhere.com,dsn0ah0u,00dnhsau,s0ndah0u
twihir74,Twiss,Hiram,2046286346,Hiram.Twiss@nowhere.com,witr74hi,7ihtirw4,h4irw7it
peljoa92,Pellegrini,Joan,2016135000,Joan.Pellegrini@nowhere.com,jo2p9ale,pj2lea9o,2oleaj9p
delemo20,Delvecchio,Emogene,205118597,Emogene.Delvecchio@nowhere.com,l0edmo2e,d2o0mlee,o2em0lde
lermad19,Leroy,Madison,2056156819,Madison.Leroy@nowhere.com,d1erml9a,ml9r1aed,1mredl9a
peccar77,Pecora,Cary,202957793,Cary.Pecora@nowhere.com,7aecpr7c,ecc7rap7,a7cecrp7
vixmar21,Vix,Marivel,202359824,Marivel.Vix@nowhere.com,1air2xvm,2ivrax1m,xva2i1rm
asptra32,Aspell,Travis,209874052,Travis.Aspell@nowhere.com,a2sta3rp,psta32ar,t2p3sraa
nolyol58,Noll,Yolando,2083182455,Yolando.Noll@nowhere.com,n5ylolo8,l85yooln,5yoonl8l
twileo25,Twiggs,Leone,2057832675,Leone.Twiggs@nowhere.com,2ewl5toi,o2ilt5ew,5o2ietlw
pouma901,Poucher,Ma,203768030,Ma.Poucher@nowhere.com,0pmuoa91,u10po9ma,muo9p0a1
mclmam21,Mclawhorn,Mamie,204451058,Mamie.Mclawhorn@nowhere.com,mmmcal12,m1mcmal2,2cal1mmm
dredaw59,Dresbach,Dawn,2084419595,Dawn.Dresbach@nowhere.com,d5adew9r,d5aewd9r,awded5r9
luddyl69,Ludke,Dylan,2071894349,Dylan.Ludke@nowhere.com,dldlyu96,yldd6lu9,l6yld9du
reiaud09,Reimel,Audrea,201638133,Audrea.Reimel@nowhere.com,diea09ru,d0iear9u,eur9ai0d
critar68,Cristofaro,Tara,203014321,Tara.Cristofaro@nowhere.com,rr8t6iac,ar6tric8,raitrc86
ackmoi25,Ackert,Moira,2048967324,Moira.Ackert@nowhere.com,ca2k5iom,ckiom5a2,kai2c5mo
baralv82,Barrows,Alvera,203681071,Alvera.Barrows@nowhere.com,abv8la2r,a8avlbr2,8lr2avab
casoti44,Casacchia,Otilia,206178688,Otilia.Casacchia@nowhere.com,toic4as4,icso4ta4,4iatosc4
refjua21,Refsal,Juanita,2091188787,Juanita.Refsal@nowhere.com,2feua1rj,ruafej21,rau2f1ej
minlor22,Minozzi,Lore,207049094,Lore.Minozzi@nowhere.com,li2rnom2,o2irnm2l,lo2n2imr
marjen91,Mara,Jennette,209367553,Jennette.Mara@nowhere.com,re9jam1n,a1e9rnmj,1nra9jem
mccsam67,Mccoach,Sammie,207487217,Sammie.Mccoach@nowhere.com,mma6csc7,6cca7msm,c6scmam7
mapjak70,Mapalo,Jake,2018174353,Jake.Mapalo@nowhere.com,0akjmp7a,a0ap7kjm,pka0jam7
birdor94,Birdinground,Dorene,2089185711,Dorene.Birdinground@nowhere.com,b9orird4,o4r9drbi,bi9d4orr
novkry31,Novell,Krystina,205808807,Krystina.Novell@nowhere.com,3vr1ynok,o1k3yrnv,1oyknrv3
ketazz84,Kettman,Azzie,2050295125,Azzie.Kettman@nowhere.com,4eak8tzz,k4zztea8,t8aezzk4
artsha66,Arties,Shaunta,201640228,Shaunta.Arties@nowhere.com,aht66rsa,t66ashra,aa6h6rst
schkat99,Scherbring,Katy,207482333,Katy.Scherbring@nowhere.com,t9hs9akc,a9hs9kct,a9t9ckhs
womsim79,Womeldorff,Sima,201631929,Sima.Womeldorff@nowhere.com,9w7mimso,7mwsiom9,mw9oi7sm
cafsal97,Caflisch,Salvador,2088575315,Salvador.Caflisch@nowhere.com,faac9ls7,l7sacaf9,97alsfac
benlan43,Bento,Lanora,2080793954,Lanora.Bento@nowhere.com,elnb34na,lna3e4bn,blenn34a
lienik04,Lievano,Nikole,204591215,Nikole.Lievano@nowhere.com,ilni40ke,l0ieink4,i04linke
wilely79,Will,Elyse,2016802185,Elyse.Will@nowhere.com,7yleiwl9,le97yliw,9wl7eyil
midnic18,Middough,Nicholas,205199085,Nicholas.Middough@nowhere.com,n1di8mci,8indmc1i,c8dn1imi
dejran54,Dejarnett,Randy,202172423,Randy.Dejarnett@nowhere.com,5e4dranj,enjad54r,a5redj4n
stajin45,Stacey,Jin,208699209,Jin.Stacey@nowhere.com,ita5n4sj,45njsati,jnita5s4
abeaki54,Aberson,Akilah,207067265,Akilah.Aberson@nowhere.com,i5ak4aeb,a4ab5ike,4ibeaka5
stabri12,Stakley,Bridgett,200202718,Bridgett.Stakley@nowhere.com,rsa1it2b,r2itas1b,tb1rsi2a
swemar28,Swed,Marlin,2053260010,Marlin.Swed@nowhere.com,e2r8aswm,r2seam8w,2aew8msr
paylyn50,Payen,Lynn,204703402,Lynn.Payen@nowhere.com,an5py0ly,5l0yyapn,0lanyp5y
