bresca64,Breckley,Scarlet,204045214,Scarlet.Breckley@nowhere.com,c46rabse,ebr64cas,esrc4b6a
sirmag49,Siruta,Magda,2045306486,Magda.Siruta@nowhere.com,9magirs4,gsr9im4a,rsia49gm
shuell38,Shusta,Elly,2018565250,Elly.Shusta@nowhere.com,3hl8sleu,luelh3s8,l83elshu
sospam42,Sosbee,Pamella,2061552849,Pamella.Sosbee@nowhere.com,amss42po,42mposas,ps4o2ams
kanval36,Kanode,Valery,209756426,Valery.Kanode@nowhere.com,6anal3kv,kavln6a3,la63avnk
harjer55,Harsh,Jerold,2096665260,Jerold.Harsh@nowhere.com,5rhrj5ae,ehr5j5ra,ra5ehr5j
marbry54,Marcom,Brynn,201269982,Brynn.Marcom@nowhere.com,4rayrbm5,45yrarmb,yab54mrr
wibhoa23,Wibbenmeyer,Hoa,206996842,Hoa.Wibbenmeyer@nowhere.com,3oih2wab,w3hbao2i,ohaiwb23
valeli13,Valles,Elina,2091115703,Elina.Valles@nowhere.com,elival31,i1vl3ale,lelav1i3
ricart74,Richins,Arthur,203692157,Arthur.Richins@nowhere.com,tc7arir4,4ric7rat,triar47c
bardru51,Barie,Drucilla,2058193322,Drucilla.Barie@nowhere.com,r5d1uarb,rr5d1abu,dbru1r5a
satcar22,Satterlee,Carole,205515269,Carole.Satterlee@nowhere.com,c2arsta2,2src2ata,2atca2sr
gekker37,Gekas,Kerry,209090806,Kerry.Gekas@nowhere.com,k7gerk3e,7g3kreek,ke3kgr7e
hemcar26,Hemple,Carisa,205901247,Carisa.Hemple@nowhere.com,26hrmcea,ah2emrc6,me26ahcr
fawver11,Fawver,Vernie,200966876,Vernie.Fawver@nowhere.com,vra1f1we,rfve1w1a,ewfrav11
pigbri66,Pigao,Brianna,2047804638,Brianna.Pigao@nowhere.com,igipb66r,pgbi66ir,rpib66ig
wykrom11,Wykoff,Roma,209740040,Roma.Wykoff@nowhere.com,mkorw1y1,yr1wokm1,royw1mk1
maggay09,Magistrale,Gayle,203172445,Gayle.Magistrale@nowhere.com,ayga09gm,0gygaam9,ama9g0gy
furgra16,Furnace,Grace,204516595,Grace.Furnace@nowhere.com,gaf1rr6u,rua1rf6g,rar16fug
petali64,Petrey,Alita,2012566910,Alita.Petrey@nowhere.com,64pleita,a4lipet6,ptlea6i4
gostyl87,Goshen,Tyler,207849726,Tyler.Goshen@nowhere.com,os7tygl8,oy8st7gl,7slgt8yo
edgyer98,Edgeston,Yer,206891723,Yer.Edgeston@nowhere.com,e98dyerg,dreeyg98,eydgr89e
maoval98,Maobi,Valentine,209651956,Valentine.Maobi@nowhere.com,ml8vaao9,alvoma89,vm8o9ala
estfre18,Estwick,Fredricka,2098769618,Fredricka.Estwick@nowhere.com,treesf18,rf8es1te,ert8e1fs
mcqmil33,Mcqueeny,Milo,202862895,Milo.Mcqueeny@nowhere.com,lqi3cmm3,cmmi33ql,micml33q
stupar10,Stukel,Parthenia,207317321,Parthenia.Stukel@nowhere.com,pa1tsru0,stp0ru1a,ra0spu1t
levadd16,Levitz,Addie,205701549,Addie.Levitz@nowhere.com,1ld6vade,ed6vda1l,61eldadv
moncha10,Montan,Chang,2049824202,Chang.Montan@nowhere.com,1hacm0no,1mhon0ac,n10hcaom
dercha77,Derion,Chanel,209225372,Chanel.Derion@nowhere.com,hd7reca7,ah7dre7c,rcd7ha7e
denlei73,Dennehy,Leila,208866944,Leila.Dennehy@nowhere.com,elind7e3,el3nid7e,i3en7led
dulame87,Duley,Amelia,2010148649,Amelia.Duley@nowhere.com,edu7aml8,7m8eldua,7ale8dmu
oteedr99,Otex,Edris,205406744,Edris.Otex@nowhere.com,eed9o9rt,9eoer9td,teor9ed9
alvlae42,Alvara,Lael,2084708354,Lael.Alvara@nowhere.com,aval2l4e,ellva24a,vaal4le2
oriric84,Orie,Ricki,2008289015,Ricki.Orie@nowhere.com,i8crori4,c8orri4i,irr4co8i
roaeri85,Roark,Erick,206192628,Erick.Roark@nowhere.com,e5or8ari,a5eirro8,a8eroi5r
piclib69,Pickron,Liberty,2083563689,Liberty.Pickron@nowhere.com,cb6pli9i,cl69iibp,6ibci9pl
dowten11,Dowland,Tennie,200218719,Tennie.Dowland@nowhere.com,etw1o1dn,,wdn1e1ot
cankat14,Cansibog,Katelynn,2038535022,Katelynn.Cansibog@nowhere.com,nckt4aa1,14catnka,4naatk1c
roukie07,Roupe,Kieth,2034864819,Kieth.Roupe@nowhere.com,r0o7ukei,uki7oe0r,k7or0uie
goalib69,Goans,Libby,200802725,Libby.Goans@nowhere.com,bag9oil6,ab9o6igl,gli9a6ob
yeokec59,Yeomans,Kecia,200783029,Kecia.Yeomans@nowhere.com,keyoce59,k5ceeoy9,9ekoe5yc
ghoosw42,Gholson,Oswaldo,204059579,Oswaldo.Gholson@nowhere.com,owog4sh2,ogh42sow,ho2wgs4o
wherut58,Whedon,Ruthe,2055966428,Ruthe.Whedon@nowhere.com,8w5urteh,8w5huter,5tur8whe
sacmar06,Saches,Mary,203099195,Mary.Saches@nowhere.com,0mcsr6aa,mr0aasc6,c0mra6sa
stebil18,Stepan,Billie,2081003286,Billie.Stepan@nowhere.com,e1bt8lis,e8bstl1i,sei1tb8l
fratob54,Fraint,Tobi,201124033,Tobi.Fraint@nowhere.com,at5b4orf,45torbaf,tfa4bro5
heajim28,Headlee,Jimmy,207679186,Jimmy.Headlee@nowhere.com,j8hea2im,jia2emh8,hjim8e2a
witjar93,Wittmann,Jarrod,200220796,Jarrod.Wittmann@nowhere.com,t3wij9ar,iw93ajtr,raiwtj93
mermiq15,Merrow,Miquel,208543646,Miquel.Merrow@nowhere.com,i1qm5mre,emr1m5iq,m5qm1ier
lidmar03,Liddell,Martha,204208427,Martha.Liddell@nowhere.com,adm0r3li,0alirm3d,la3mrid0
biasun35,Biagi,Sunday,2095157947,Sunday.Biagi@nowhere.com,sainb5u3,ina5bsu3,ui53nsab
robler59,Robilotto,Lera,2020288455,Lera.Robilotto@nowhere.com,5lrbore9,er9r5olb,eblrro59
apaeri13,Aparo,Erich,2081536019,Erich.Aparo@nowhere.com,ai13rape,ae1rip3a,reaaip31
betdan96,Bethurum,Dan,203792087,Dan.Bethurum@nowhere.com,e9tnadb6,dbn6e9ta,6tbdea9n
henlor86,Henjes,Lorine,203333042,Lorine.Henjes@nowhere.com,e6lonr8h,o6lnh8er,eh86nolr
rauart64,Rausin,Artie,208582361,Artie.Rausin@nowhere.com,4rat6rau,ar4u6atr,arrua64t
wisike70,Wiseman,Ike,2054871752,Ike.Wiseman@nowhere.com,s0kiew7i,7kiwsi0e,ei0s7wik
hemcal87,Hemmelgarn,Calista,2068950957,Calista.Hemmelgarn@nowhere.com,7ehlam8c,7mc8hael,hm8lac7e
depahm92,Deprofio,Ahmed,2077926172,Ahmed.Deprofio@nowhere.com,hmade29p,me2h9apd,9pd2hmae
lanagn14,Laniado,Agnes,2075422052,Agnes.Laniado@nowhere.com,nla41ang,ag1nna4l,1gnna4al
ewitan40,Ewing,Tania,209500700,Tania.Ewing@nowhere.com,an04wtie,te4w0ani,en4t0wai
fondia92,Fones,Dianna,2045538056,Dianna.Fones@nowhere.com,aid92nfo,f9iano2d,a2fiod9n
oyesha42,Oyervides,Sharlene,205945679,Sharlene.Oyervides@nowhere.com,aoy2esh4,4eayosh2,aso2hy4e
littyl01,Littlefield,Tyler,205059303,Tyler.Littlefield@nowhere.com,y1ttil0l,t1ltliy0,liyt1tl0
gemlor29,Gembarowski,Lorie,2028314557,Lorie.Gembarowski@nowhere.com,rlgm2o9e,2l9ogmre,r2emgol9
bleang51,Blecker,Angel,206854388,Angel.Blecker@nowhere.com,gbna5e1l,e5g1blna,1glb5nae
demadr17,Demske,Adrian,200845109,Adrian.Demske@nowhere.com,a1dmr7de,17edradm,r7m1ddae
peldel87,Pellant,Delicia,2097249898,Delicia.Pellant@nowhere.com,deel87pl,e7dle8pl,pel78lde
motcar64,Moton,Carroll,204630031,Carroll.Moton@nowhere.com,6ctamor4,64mrcato,toar46mc
vankam12,Vanhook,Kam,2054264860,Kam.Vanhook@nowhere.com,vn1a2kma,,kmav2a1n
weihil31,Weissbrodt,Hilma,2067825105,Hilma.Weissbrodt@nowhere.com,ei13liwh,i1lh3wie,l13wieih
siehar70,Siegers,Harrison,2084421403,Harrison.Siegers@nowhere.com,7reh0asi,h7ias0er,s0a7eirh
prekar74,Prest,Karen,2045372477,Karen.Prest@nowhere.com,aerp4k7r,7krpae4r,apk47rer
navshu97,Navarete,Shu,2000086443,Shu.Navarete@nowhere.com,hvun7a9s,unvh7as9,9vsun7ha
kozkac36,Kozyra,Kacie,202330819,Kacie.Kozyra@nowhere.com,3kcazk6o,kz3akoc6,kczo3k6a
hemteq83,Hemmer,Tequila,2082870543,Tequila.Hemmer@nowhere.com,3qte8hme,te8e3hqm,temheq38
amaron60,Amarillas,Roni,200373321,Roni.Amarillas@nowhere.com,mo6a0nra,0moar6an,oanm60ar
stomar26,Stobb,Mariela,201965183,Mariela.Stobb@nowhere.com,st6ram2o,to6ar2ms,m62stoar
odddel01,Oddo,Della,207671754,Della.Oddo@nowhere.com,0ddold1e,0od1deld,0eddlo1d
wenles19,Wenthold,Lesley,2062007431,Lesley.Wenthold@nowhere.com,19lnwees,9seewl1n,slwe1e9n
patelo01,Patrick,Eloisa,2075774169,Eloisa.Patrick@nowhere.com,pl0aote1,eo0tl1pa,1etao0lp
sakber66,Sake,Bernita,204122364,Bernita.Sake@nowhere.com,ekasbr66,kse66bra,6srkabe6
nwacla35,Nwachukwu,Clarence,2019694970,Clarence.Nwachukwu@nowhere.com,anw35cal,cl35aawn,
cahjon74,Cahill,Jonna,202801244,Jonna.Cahill@nowhere.com,johnc4a7,hn4a7ojc,h4a7ojcn
rinsue44,Rinde,Suellen,2028454014,Suellen.Rinde@nowhere.com,ri4senu4,is4ren4u,riun4es4
swapea81,Swafford,Pearly,2017508560,Pearly.Swafford@nowhere.com,ap8s1aew,aawpe8s1,w8aspae1
penmer65,Pencek,Merlyn,2072927973,Merlyn.Pencek@nowhere.com,epem6rn5,n6ermep5,m5rnpee6
arttor68,Artez,Torie,2048512548,Torie.Artez@nowhere.com,6taortr8,8a6rrott,8aro6trt
dubsus04,Dubeau,Susana,209534219,Susana.Dubeau@nowhere.com,d0ussbu4,b0dssu4u,u4sdb0su
jokhum04,Joki,Humberto,202643494,Humberto.Joki@nowhere.com,0ho4mjuk,ujo40khm,h4ouj0mk
delnia56,Delana,Nia,209732161,Nia.Delana@nowhere.com,5alne6id,n5iadle6,a65deinl
muscha83,Mushero,Charlott,2071912491,Charlott.Mushero@nowhere.com,muc8ash3,m8suc3ah,3msacuh8
lebhyo54,Lebowitz,Hyon,208054941,Hyon.Lebowitz@nowhere.com,b5yeloh4,e5ho4ybl,ylo54heb
stasuz74,Staniec,Suzi,2005600796,Suzi.Staniec@nowhere.com,7asstzu4,7tsausz4,sz4au7st
watopa81,Watwood,Opal,2027964409,Opal.Watwood@nowhere.com,1pawta8o,p1ow8aat,1a8pawto
zuvexi00,Zuver,Exie,2084420917,Exie.Zuver@nowhere.com,0vue0izx,zu00ivex,zu0xv0ie
fersha09,Ferro,Shaquana,2036962630,Shaquana.Ferro@nowhere.com,fa9esrh0,hrfae09s,efhra09s
strsus21,Stroy,Susie,205516379,Susie.Stroy@nowhere.com,2rs1ssut,ss21tusr,rsu21sts
breamm12,Brent,Ammie,2098551015,Ammie.Brent@nowhere.com,1e2amrbm,mm21aebr,bmerm1a2
rofros33,Roffman,Roseann,2012772232,Roseann.Roffman@nowhere.com,o3or3fsr,o33srfro,3f3rroso
saamay18,Saam,Mayra,2083404676,Mayra.Saam@nowhere.com,a1my8asa,8amaays1,8yaa1sam
coslis78,Coskey,Lise,208644400,Lise.Coskey@nowhere.com,lossi7c8,l7i8csos,is8ocls7
dimkim85,Dimiceli,Kimberlee,2066304807,Kimberlee.Dimiceli@nowhere.com,kmimid85,mi85kidm,i5m8idmk
claval50,Claussen,Valarie,207140361,Valarie.Claussen@nowhere.com,lv50caal,al0val5c,5alal0cv
mloroo35,Mlodzianowski,Roosevelt,2018620924,Roosevelt.Mlodzianowski@nowhere.com,53olrmoo,r5mo3olo,5lormoo3
permar16,Perler,Marya,2022716038,Marya.Perler@nowhere.com,rm6a1erp,a1epmr6r,e1armpr6
sadjam02,Sadar,Jamaal,2065876213,Jamaal.Sadar@nowhere.com,mjsada02,s0admja2,j20samda
rexgen15,Rexrode,Genie,2046107763,Genie.Rexrode@nowhere.com,g1ree5xn,5gee1rxn,1enxger5
cormad92,Cordona,Madeline,201283976,Madeline.Cordona@nowhere.com,ardc9mo2,9oard2cm,9d2raocm
armlyl12,Armenteros,Lyla,205313236,Lyla.Armenteros@nowhere.com,lrl12yma,ryl2m1la,ymlrl2a1
karard11,Karns,Ardath,204909555,Ardath.Karns@nowhere.com,1kdrara1,k1adra1r,akrr1a1d
trealm41,Trevethan,Almeda,200748313,Almeda.Trevethan@nowhere.com,atlre41m,e1lt4amr,ral1t4me
gobmar67,Goblirsch,Marvin,208953329,Marvin.Goblirsch@nowhere.com,g6omabr7,orb6ma7g,mboarg76
sengon21,Senta,Gonzalo,207258030,Gonzalo.Senta@nowhere.com,1nn2oseg,1nn2gseo,1geon2ns
warros31,Wartchow,Rosa,2018629756,Rosa.Wartchow@nowhere.com,s1ora3rw,osarw31r,3oswrr1a
soueur82,Southern,Eura,202001647,Eura.Southern@nowhere.com,ouuse2r8,rsu8o2eu,ur2e8uos
graang04,Grasty,Angelena,205094385,Angelena.Grasty@nowhere.com,rg0anga4,g0raagn4,ggana04r
baymar42,Baymon,Marcia,203616358,Marcia.Baymon@nowhere.com,yba42mar,ba42amyr,42mabayr
knocla64,Knobbe,Claud,2063904366,Claud.Knobbe@nowhere.com,lacok64n,4lnoa6kc,4kcnalo6
velpie75,Velzy,Pierre,2075642311,Pierre.Velzy@nowhere.com,ie5e7lvp,vlep75ie,eevi7l5p
pankan52,Pantaleon,Kandis,207181886,Kandis.Pantaleon@nowhere.com,nak5npa2,npa2a5kn,5k2pnnaa
turmer85,Turla,Merna,2085162385,Merna.Turla@nowhere.com,8e5rurtm,m5er8rut,rrem8t5u
tevsto32,Teves,Stormy,2028128256,Stormy.Teves@nowhere.com,2toev3ts,tes2vt3o,3evo2tts
bruele38,Brunston,Eleni,2076769108,Eleni.Brunston@nowhere.com,e8reu3bl,3l8rbuee,b8uerl3e
sheros75,Sherrick,Rosana,2045722688,Rosana.Sherrick@nowhere.com,eh7oss5r,r5hes7os,roeh57ss
monkit81,Mongeau,Kittie,201441269,Kittie.Mongeau@nowhere.com,1itomkn8,1iok8tnm,n8ot1kmi
dotgay43,Doto,Gaye,2096214367,Gaye.Doto@nowhere.com,agy4tod3,43atgdoy,d4y3agto
baybet39,Baynham,Bettyann,202256267,Bettyann.Baynham@nowhere.com,batbye93,ba3tb9ye,bbe9a3yt
schnoe04,Schnee,Noe,203319165,Noe.Schnee@nowhere.com,hcsoe4n0,sceonh40,shone0c4
cherhe22,Chestang,Rhea,2057716655,Rhea.Chestang@nowhere.com,2he2chre,h2rcee2h,eh2hecr2
minisa04,Mintreas,Isaura,2039463047,Isaura.Mintreas@nowhere.com,0sam4iin,4ma0snii,si0man4i
couamb96,Coutee,Amber,2082385659,Amber.Coutee@nowhere.com,abuom96c,ac6muob9,oa6m9cbu
ingtyr32,Ingwersen,Tyra,2001752573,Tyra.Ingwersen@nowhere.com,ri3gynt2,tgy23nir,3ryngi2t
corlav15,Cordenas,Lavera,2020962235,Lavera.Cordenas@nowhere.com,va1rlc5o,5lrcv1ao,1ocl5rva
perpab74,Perillo,Pablo,202323581,Pablo.Perillo@nowhere.com,p74aprbe,rpae47pb,7peba4pr
grijoe55,Grimaud,Joe,2011225672,Joe.Grimaud@nowhere.com,5grieo5j,gij55oer,e5gjoi5r
vansha87,Vanderiet,Shalonda,2026070986,Shalonda.Vanderiet@nowhere.com,naa8vh7s,vaan7hs8,nahav8s7
butgis71,Butner,Giselle,2070762671,Giselle.Butner@nowhere.com,u1igbt7s,ugitb17s,itu1bg7s
choale46,Chou,Alexandra,202251684,Alexandra.Chou@nowhere.com,6a4lhceo,lac4heo6,6olach4e
vasdon64,Vassie,Donetta,202804984,Donetta.Vassie@nowhere.com,4danosv6,sd46vona,avnsdo64
menjus29,Men,Justin,201612096,Justin.Men@nowhere.com,2sjmneu9,2ne9sjmu,9us2jnem
rumlak74,Rumple,Lakendra,206451646,Lakendra.Rumple@nowhere.com,karu47lm,k4aulmr7,lur4mak7
minsho44,Minarcik,Shona,2027819645,Shona.Minarcik@nowhere.com,hi4m4ons,smhn44oi,4hoi4nms
oramab40,Orandello,Mable,202754396,Mable.Orandello@nowhere.com,o4abar0m,a0oram4b,4oam0arb
valgis20,Valenciana,Gisela,2065248890,Gisela.Valenciana@nowhere.com,2ivgsla0,l20vsgia,s0avlg2i
fukway17,Fukui,Waylon,2078903221,Waylon.Fukui@nowhere.com,yf17kuaw,1wkfya7u,wf71akuy
aabhal11,Aaberg,Haley,2066884757,Haley.Aaberg@nowhere.com,a1h1aalb,laba1ah1,laa1abh1
smuapr26,Smulik,April,2064552961,April.Smulik@nowhere.com,ar2m6spu,26muasrp,
rusmar47,Ruschel,Marni,200451013,Marni.Ruschel@nowhere.com,74rrsuma,us4r7amr,sau7m4rr
brasal10,Brand,Salome,2091305505,Salome.Brand@nowhere.com,b0ar1sla,labrs0a1,al0rbas1
finlan74,Finnell,Lan,206739046,Lan.Finnell@nowhere.com,nn4ai7fl,ln7nfia4,in7n4laf
barnor61,Barbieri,Norris,209395370,Norris.Barbieri@nowhere.com,bornr61a,6orrna1b,rrb1o6na
