gonrus92,Gonez,Russell,205036765,Russell.Gonez@nowhere.com,rusng29o,srno9gu2,rg9ns2uo
jandre40,Jankoski,Drema,2074106605,Drema.Jankoski@nowhere.com,jderan40,0rjande4,0dn4rjea
kouchr68,Kounlavong,Christiana,2068804305,Christiana.Kounlavong@nowhere.com,uroch6k8,r8o6khcu,ocr68hku
sealou28,Seals,Lou,2022824699,Lou.Seals@nowhere.com,au2oe8ls,,soa2ul8e
engben16,Engblom,Benton,2026465289,Benton.Engblom@nowhere.com,neb1neg6,nbgee16n,6e1ngbne
terhyo08,Terron,Hyon,2032114417,Hyon.Terron@nowhere.com,eoyhtr08,0h8oytre,0tryo8eh
canpen41,Cangey,Penney,205473663,Penney.Cangey@nowhere.com,ecann1p4,4canen1p,n14canpe
satdon65,Satchwell,Donya,202003970,Donya.Satchwell@nowhere.com,odta6ns5,a5don6st,on65tasd
pauing58,Paulin,Inge,2003711699,Inge.Paulin@nowhere.com,upna8ig5,ui5na8pg,ugnia5p8
weicor91,Weinmann,Coralee,2010371006,Coralee.Weinmann@nowhere.com,cw1o9eir,e9cwir1o,icrw9o1e
leynor30,Leyra,Norman,205216731,Norman.Leyra@nowhere.com,ro3lne0y,3rnoy0el,on0er3yl
winluc88,Wingerson,Lucy,2018642111,Lucy.Wingerson@nowhere.com,wnc88uil,wc8l8iun,n8wc8lui
arrmea87,Arruda,Meagan,2003711951,Meagan.Arruda@nowhere.com,rmaae87r,ar7re8ma,ra78aemr
fridag07,Friedrich,Dagny,2040736807,Dagny.Friedrich@nowhere.com,fd0ragi7,rfadi7g0,7fid0gra
desric87,Desotel,Richard,2028520671,Richard.Desotel@nowhere.com,e7i8csrd,re8dc7is,id78esrc
zerriv08,Zerko,Riva,2050428236,Riva.Zerko@nowhere.com,zi8r0rev,zerv0ir8,e8ziv0rr
wasshe75,Wassermann,Sherwood,2000703629,Sherwood.Wassermann@nowhere.com,s7ea5whs,wsh7se5a,ha7s5swe
podpab34,Podesta,Pablo,2022284298,Pablo.Podesta@nowhere.com,4bpd3poa,d4po3abp,a4ppod3b
demven98,Demond,Venice,202387069,Venice.Demond@nowhere.com,edmen98v,nmd9vee8,8nv9mdee
dicsha75,Dickman,Shawana,206231988,Shawana.Dickman@nowhere.com,is7h5adc,sacidh75,cad7his5
manjon76,Mand,Jonah,209152502,Jonah.Mand@nowhere.com,jnman76o,naom7nj6,a6jn7mon
magdot20,Magouliotis,Dotty,204199644,Dotty.Magouliotis@nowhere.com,tg0am2do,otd20mga,dgao02mt
incste17,Incorvaia,Sterling,2022039143,Sterling.Incorvaia@nowhere.com,etsi17cn,cs7etin1,est7ic1n
hogshe11,Hoge,Shelley,200581753,Shelley.Hoge@nowhere.com,1go1hhse,gheos1h1,e1gos1hh
dessha40,Desotel,Shaquana,204371324,Shaquana.Desotel@nowhere.com,shdsa40e,0sahd4se,0edhsas4
badjod85,Badman,Jody,204996822,Jody.Badman@nowhere.com,db5djao8,dd8oj5ab,8doadj5b
betnie62,Betha,Nieves,204973570,Nieves.Betha@nowhere.com,e62ibnet,n6i2eteb,in6t2eeb
fiodev68,Fiorentini,Devora,208696705,Devora.Fiorentini@nowhere.com,,68dieovf,6dvefi8o
bemala52,Bembry,Alanna,206345528,Alanna.Bembry@nowhere.com,blae5a2m,2mealba5,la2mab5e
galjol07,Galea,Jolyn,2072608746,Jolyn.Galea@nowhere.com,lajlg7o0,og7ja0ll,joalgl07
knamau54,Knapik,Maura,207530521,Maura.Knapik@nowhere.com,um5nka4a,a5uam4nk,u4anamk5
matmar22,Matelich,Martin,207520160,Martin.Matelich@nowhere.com,tmar22ma,tr2a2mma,rata2mm2
summar02,Summy,Marhta,202877013,Marhta.Summy@nowhere.com,0usmmra2,m2marsu0,rasm2um0
andror60,Andis,Rory,200895903,Rory.Andis@nowhere.com,rdan06ro,onrd6a0r,rnda6or0
decnic95,Decrosta,Nicolasa,2032643112,Nicolasa.Decrosta@nowhere.com,cc9i5edn,c9ce5dni,ndcc9i5e
beclor81,Beckles,Lory,2041148971,Lory.Beckles@nowhere.com,r18oblec,br1oe8cl,rc18loeb
smadar61,Smallwood,Darlena,2095152858,Darlena.Smallwood@nowhere.com,6s1adarm,a61srmda,ra1sda6m
witwil62,Witterstauter,Will,2093262019,Will.Witterstauter@nowhere.com,ilt6wi2w,w6il2twi,l6iwi2tw
haywan12,Hayslip,Wan,205227924,Wan.Hayslip@nowhere.com,awa12nhy,hayw1n2a,wa2a1nhy
hormar04,Horstman,Mariela,2015494619,Mariela.Horstman@nowhere.com,0mhrao4r,h0o4mrar,mr0hoar4
keslar47,Kesby,Larae,205576530,Larae.Kesby@nowhere.com,7ks4arle,4ks7erla,lkrs47ea
delrem74,Dellapina,Remedios,2077798316,Remedios.Dellapina@nowhere.com,4eemd7rl,reed47ml,4mdlr7ee
satode94,Satterthwaite,Odell,2036601164,Odell.Satterthwaite@nowhere.com,,do4e9tas,taod4e9s
tanman29,Tankesly,Manie,203841485,Manie.Tankesly@nowhere.com,m29ntnaa,at2an9nm,9na2tnma
kiyjc874,Kiyabu,Jc,209876787,Jc.Kiyabu@nowhere.com,k48jic7y,8ci7y4jk,yi7k84cj
truran40,Trush,Randy,2041933007,Randy.Trush@nowhere.com,r4u0ntar,trr0nua4,nr4tr0ua
norlak32,Nora,Lakeisha,202035329,Lakeisha.Nora@nowhere.com,2nkal3or,nrlo32ka,okr32nal
murlyn80,Murnane,Lynell,2007485160,Lynell.Murnane@nowhere.com,nulm08ry,unmy0lr8,0uym8lnr
anttha07,Antaya,Thad,204997028,Thad.Antaya@nowhere.com,anh0t7at,ht0aa7tn,nah0ta7t
wahbri30,Wahdan,Britt,2029365288,Britt.Wahdan@nowhere.com,r30hbawi,ri3hb0aw,bhw30iar
elsroc29,Elshere,Rochel,2021684142,Rochel.Elshere@nowhere.com,eo2csl9r,e2slocr9,cl2e9rso
ramdel63,Ramo,Delorse,208435705,Delorse.Ramo@nowhere.com,al6em3rd,a6medrl3,lmde63ar
esbeld48,Esbenshade,Eldridge,2066494580,Eldridge.Esbenshade@nowhere.com,8ebdlse4,elb4eds8,lsbe4de8
squjac51,Squier,Jackqueline,2021304081,Jackqueline.Squier@nowhere.com,u15jacqs,uq1sjc5a,ucjs5qa1
krzkar23,Krzyston,Kareen,2030620558,Kareen.Krzyston@nowhere.com,r3rkakz2,kzr3ar2k,2rzka3kr
gildeb45,Gilhousen,Debby,2027904309,Debby.Gilhousen@nowhere.com,l5gid4be,b45iegdl,gd5i4lbe
bodsco90,Bodily,Scott,200031691,Scott.Bodily@nowhere.com,s0ocd9ob,9scobo0d,do0cos9b
reaize31,Reach,Izetta,201150170,Izetta.Reach@nowhere.com,1zeirea3,3aie1erz,eai1zr3e
viemol88,Viernes,Mollie,2013609035,Mollie.Viernes@nowhere.com,88moveil,8i8meovl,e8io8lvm
swelau94,Sweere,Laurie,2052429052,Laurie.Sweere@nowhere.com,esul94wa,s94lewau,9a4uwlse
spajoa53,Spanier,Joann,2068437267,Joann.Spanier@nowhere.com,53pjoaas,3pa5ojas,asapj53o
almval79,Almaras,Valery,2004593456,Valery.Almaras@nowhere.com,lmla7v9a,7mvlaal9,9llmv7aa
casbea64,Castellano,Bea,2098900924,Bea.Castellano@nowhere.com,4s6abeac,,cs6bea4a
kudeli96,Kudrick,Elizbeth,201081707,Elizbeth.Kudrick@nowhere.com,ekdi96lu,l6ud9kei,6kie9udl
bozchr67,Bozic,Christine,202406307,Christine.Bozic@nowhere.com,zor76bch,6bzr7hco,7ozch6br
rouvon89,Roussell,Von,2047313685,Von.Roussell@nowhere.com,ouo89nrv,rvnuoo98,onouv89r
modjac03,Modero,Jaclyn,205534795,Jaclyn.Modero@nowhere.com,djo3mac0,dmaj3oc0,dmoc30aj
neamac15,Neault,Mac,2011773397,Mac.Neault@nowhere.com,n1mceaa5,aacn1me5,am1neac5
manand65,Manns,Andreas,2022090733,Andreas.Manns@nowhere.com,5naandm6,dan5nam6,ad6na5nm
sirdou92,Siriani,Douglas,2051596496,Douglas.Siriani@nowhere.com,9rsdoi2u,so2rdui9,2iud9rso
baumui21,Bauder,Mui,206338133,Mui.Bauder@nowhere.com,b1uau2mi,auu2ibm1,ibm1uau2
lascla74,Lashway,Claire,2044216887,Claire.Lashway@nowhere.com,laa7s4cl,7la4slca,asc7lal4
isioth82,Isiordia,Otha,208316775,Otha.Isiordia@nowhere.com,8ht2isoi,iio8tsh2,8oit2ihs
hoiyue97,Hoiness,Yuette,205560903,Yuette.Hoiness@nowhere.com,e7ui9yho,euio97hy,ohuey7i9
protos18,Proctor,Tosha,205270881,Tosha.Proctor@nowhere.com,r8tpos1o,srt8opo1,po1ts8or
awtdua07,Awtrey,Duane,2029123677,Duane.Awtrey@nowhere.com,d70uwata,0tad7auw,a0t7uawd
casoma15,Castagnola,Omar,209471885,Omar.Castagnola@nowhere.com,oca5sm1a,1scmaa5o,scoma5a1
dokcie11,Dok,Ciera,2091740485,Ciera.Dok@nowhere.com,de1c1oik,ikd11oce,kcde11io
alfapr61,Alfonso,April,208040101,April.Alfonso@nowhere.com,rfplaa61,1rplfaa6,6aarf1lp
meaflo26,Meas,Florencia,206741104,Florencia.Meas@nowhere.com,ael6mfo2,efoam2l6,2oe6mlfa
neusun02,Neugin,Sunday,2072017665,Sunday.Neugin@nowhere.com,sen2unu0,euns20un,u20usnne
twidan00,Twine,Danae,2035021250,Danae.Twine@nowhere.com,0ad0wint,daitn00w,a0nt0wid
mahste87,Maholmes,Stefany,208534478,Stefany.Maholmes@nowhere.com,esam7h8t,hmet8as7,as8teh7m
waldor71,Waletzko,Dorine,202997162,Dorine.Waletzko@nowhere.com,7lw1daro,ora7wld1,r1da7olw
monsen20,Montalvo,Senaida,201482075,Senaida.Montalvo@nowhere.com,no2mes0n,o2nnsm0e,esnom20n
lestho44,Lesches,Thomas,209435450,Thomas.Lesches@nowhere.com,l4hstoe4,4o4elsht,44tehslo
carcol59,Carras,Colette,201382400,Colette.Carras@nowhere.com,l9cra5oc,lar5oc9c,c5crola9
gaymar79,Gayden,Marlen,2052384851,Marlen.Gayden@nowhere.com,9rmag7ya,y9gma7ra,gay7ma9r
joseth71,Josey,Ethelyn,205712263,Ethelyn.Josey@nowhere.com,7s1ehtoj,7oht1esj,th7sje1o
marsha75,Marquart,Sharlene,207513172,Sharlene.Marquart@nowhere.com,h7as5rma,5hasmra7,s7rhm5aa
kavlet33,Kava,Letha,203246044,Letha.Kava@nowhere.com,ltaek33v,vl3ak3te,3vktae3l
voemag27,Voeltz,Maggie,2064871117,Maggie.Voeltz@nowhere.com,ov7mge2a,2geova7m,oegv27am
keterr90,Kethcart,Errol,208402609,Errol.Kethcart@nowhere.com,e9k0trre,et9k0err,ree0rtk9
jagchr88,Jaggie,Christal,206139018,Christal.Jaggie@nowhere.com,h88cagjr,a8g8chjr,c8arh8jg
chamed03,Charest,Meda,203265373,Meda.Charest@nowhere.com,a0hcedm3,0ad3cmhe,ah3m0edc
kamlor06,Kamaunu,Lorrine,209795010,Lorrine.Kamaunu@nowhere.com,0kalomr6,rao6km0l,lm0kro6a
kysmis53,Kysar,Misty,2057520804,Misty.Kysar@nowhere.com,3ms5isyk,s5iys3km,5ymk3sis
shilau60,Shibi,Laurel,209834767,Laurel.Shibi@nowhere.com,6l0suaih,6lasu0hi,s0hiu6la
shicas16,Shirar,Cassie,2024699994,Cassie.Shirar@nowhere.com,hacss61i,sshci16a,ihcas6s1
vishan99,Vissering,Hang,2059334263,Hang.Vissering@nowhere.com,asvh9ni9,99asnivh,vaishn99
brokat88,Bronstad,Kathe,208650320,Kathe.Bronstad@nowhere.com,b8kaort8,8bot8kra,ok8atr8b
kneken79,Knezevic,Kenia,208967332,Kenia.Knezevic@nowhere.com,en9k7enk,nekekn97,kee7nnk9
durger45,Durnford,Gerardo,200468364,Gerardo.Durnford@nowhere.com,rugred54,rdegr5u4,r5du4erg
kotall14,Kotlowski,Alline,2018697108,Alline.Kotlowski@nowhere.com,l1ok4tal,1o4kltla,atl4ol1k
masang93,Masuyama,Angie,204866035,Angie.Masuyama@nowhere.com,9ag3msna,gmsa3na9,mangas39
schbia03,Schendel,Bianca,2000681505,Bianca.Schendel@nowhere.com,sb0caih3,acib03hs,a0sicbh3
denash84,Denice,Ashley,2077027328,Ashley.Denice@nowhere.com,n4sheda8,h4enads8,48eshnad
cirirv13,Cirilli,Irving,2050532558,Irving.Cirilli@nowhere.com,31cirvir,cr1iivr3,c31ivrir
kisdal47,Kissinger,Dalton,2079113467,Dalton.Kissinger@nowhere.com,aski47dl,7slkdai4,sadi47lk
abrsal83,Abrahamian,Salena,2004179418,Salena.Abrahamian@nowhere.com,aasb8lr3,blras38a,8sbaarl3
weiisa73,Weill,Isabell,2018230644,Isabell.Weill@nowhere.com,sw7iiae3,7isiwea3,3awie7si
manvir72,Mandoza,Virgina,202349937,Virgina.Mandoza@nowhere.com,irvn72ma,n2arim7v,na2iv7mr
strlek46,Strang,Lekisha,200040295,Lekisha.Strang@nowhere.com,klte6s4r,4e6lrskt,t6r4slke
caspri01,Cashing,Prince,2070653952,Prince.Cashing@nowhere.com,0sprica1,sprac01i,0c1sapri
monern85,Monier,Ernestine,2024622086,Ernestine.Monier@nowhere.com,rmoe8nn5,8nmenr5o,no5r8men
letsav30,Letourneau,Savanna,2060517771,Savanna.Letourneau@nowhere.com,sev03tal,etasvl03,vstl03ae
hacdew96,Hachez,Dewey,2048864382,Dewey.Hachez@nowhere.com,edcwah69,9cdahw6e,eahw9cd6
leogra78,Leota,Grant,2015591025,Grant.Leota@nowhere.com,aeorl8g7,leogar78,r7oaegl8
beljar87,Belchior,Jared,203660569,Jared.Belchior@nowhere.com,j7a8belr,bjrel8a7,bl8ajer7
darhel87,Darnold,Helene,200600417,Helene.Darnold@nowhere.com,hdral78e,lhrd7ea8,7dhealr8
oxeher60,Oxendine,Herta,2085036719,Herta.Oxendine@nowhere.com,0xreeh6o,,oe6hexr0
essefr70,Esshaki,Efren,2075461603,Efren.Esshaki@nowhere.com,erfss7e0,r07sesfe,
cunkat15,Cunard,Kathyrn,200295733,Kathyrn.Cunard@nowhere.com,ca5k1unt,5u1nkcat,cuant15k
boctua58,Bock,Tuan,206196327,Tuan.Bock@nowhere.com,tocu8a5b,8cout5ab,a8co5utb
gilgin30,Gilden,Ginger,2024070367,Ginger.Gilden@nowhere.com,gnglii03,03gnlgii,ig0lgni3
holros85,Hollings,Rosaura,208284769,Rosaura.Hollings@nowhere.com,8lorosh5,hs8oo5lr,o5l8hors
desrea02,Desjardins,Reatha,202770769,Reatha.Desjardins@nowhere.com,e0ads2er,se2a0erd,e0ades2r
newcin67,Newsham,Cinda,2047208914,Cinda.Newsham@nowhere.com,n7cnie6w,n6nw7ice,nnc7wie6
rowref77,Rowe,Refugio,201588830,Refugio.Rowe@nowhere.com,7rwo7ref,ro7rewf7,reowr7f7
riseld94,Risewick,Elden,2084694568,Elden.Risewick@nowhere.com,derls49i,rl4di9se,sriel4d9
toperi95,Toporek,Eric,208247618,Eric.Toporek@nowhere.com,itr59ope,ito95erp,ie95trop
ebiona07,Ebinger,Ona,200376879,Ona.Ebinger@nowhere.com,ia0ben7o,ioa07enb,eab7noi0
tarkai23,Tarin,Kaila,2032623942,Kaila.Tarin@nowhere.com,a23tairk,r2katia3,3takria2
oetmyr87,Oetzel,Myra,2076384008,Myra.Oetzel@nowhere.com,rmoye78t,oymt87re,8o7tmrye
sikorv33,Sikorra,Orville,2072451760,Orville.Sikorra@nowhere.com,s3rivo3k,svir3k3o,o3sr3kvi
obrvas70,Obrecht,Vashti,205998591,Vashti.Obrecht@nowhere.com,vrab70os,b0roa7vs,0orvba7s
miebir43,Miessler,Birdie,2028560173,Birdie.Miessler@nowhere.com,eii3r4mb,mib3r4ie,b3em4rii
dorimo42,Dorcelus,Imogene,2040249574,Imogene.Dorcelus@nowhere.com,dmro24io,od42iomr,2do4oirm
felter66,Feliberty,Teresa,2060990456,Teresa.Feliberty@nowhere.com,let66efr,ete66frl,fr6tee6l
brical24,Britz,Calista,2074434006,Calista.Britz@nowhere.com,i2abcl4r,2abcil4r,a4i2lrbc
nismel09,Niskala,Melida,2023554513,Melida.Niskala@nowhere.com,les09nmi,9em0isln,s0lie9nm
zinush50,Zinser,Usha,2065893914,Usha.Zinser@nowhere.com,5hzs0niu,n5hz0ius,zusin05h
merrae92,Merideth,Raelene,2014376618,Raelene.Merideth@nowhere.com,9rme2rea,mearer92,rraeme29
kerwil40,Kerfien,Willie,2057833768,Willie.Kerfien@nowhere.com,r4iwle0k,e04kilrw,w4lik0re
navsun75,Navalta,Sunday,2027151862,Sunday.Navalta@nowhere.com,a7nsnuv5,sn5nu7va,s7n5unav
kinrig50,Kingdom,Rigoberto,2009709164,Rigoberto.Kingdom@nowhere.com,5i0kirng,k0nri5gi,i50nigkr
faikar71,Fairman,Karren,2083239151,Karren.Fairman@nowhere.com,r7fi1aka,akari1f7,if7aar1k
galsee68,Galeazzi,See,2086412374,See.Galeazzi@nowhere.com,es8gl6ae,8ege6asl,6egaesl8
senmir85,Sencabaugh,Mirian,200739137,Mirian.Sencabaugh@nowhere.com,ir8mse5n,esi8rm5n,5inems8r
degchi68,Degeston,Chia,202768916,Chia.Degeston@nowhere.com,deigc86h,cg8hde6i,8id6hecg
patbur94,Patrice,Burl,205198478,Burl.Patrice@nowhere.com,4purab9t,,bruat4p9
yokjim37,Yokota,Jimmie,2050357942,Jimmie.Yokota@nowhere.com,7oijkm3y,3oyk7mji,j37omyik
primad88,Pridgen,Madaline,2012306168,Madaline.Pridgen@nowhere.com,drm8pia8,i8drm8ap,i8rpam8d
