udafer29,Udani,Fermina,2064639020,Fermina.Udani@nowhere.com,drae2u9f,,daf2ru9e
masaud40,Mas,Audry,202228399,Audry.Mas@nowhere.com,um0sda4a,maa0d4su,mu0sa4da
nedshe84,Nedry,Sherie,209198147,Sherie.Nedry@nowhere.com,4eenh8sd,dnhee48s,4ehde8sn
kasbla71,Kastor,Blanca,203604071,Blanca.Kastor@nowhere.com,ab7sla1k,aabk1s7l,al7bks1a
halena63,Halprin,Ena,204944615,Ena.Halprin@nowhere.com,h3alen6a,l3h6aaen,63nlahae
ayccar74,Aycox,Carmine,200224979,Carmine.Aycox@nowhere.com,yaca7rc4,r4y7caac,carcay47
geearn02,Geeslin,Arnoldo,209063785,Arnoldo.Geeslin@nowhere.com,a02nreeg,g0e2enra,nrg0ae2e
jurmar72,Jurkiewicz,Mary,202487768,Mary.Jurkiewicz@nowhere.com,u7r2rjam,27mrraju,rjur7ma2
claflo93,Clar,Floretta,205469623,Floretta.Clar@nowhere.com,3facl9lo,f3colla9,lloac39f
aledet87,Alexion,Detra,205746090,Detra.Alexion@nowhere.com,aed7let8,let7a8ed,ae8dle7t
lorada48,Loretz,Adam,2074728857,Adam.Loretz@nowhere.com,rload48a,aoar8d4l,o8la4ard
lovtru64,Loven,Trudi,208527600,Trudi.Loven@nowhere.com,r6ot4luv,o64tvulr,urlvt46o
sabsha54,Sabater,Shannon,2039891124,Shannon.Sabater@nowhere.com,sas5a4hb,4asbs5ah,hb5ssa4a
docpor75,Dockum,Porsche,208942967,Porsche.Dockum@nowhere.com,odoprc75,coro5dp7,c75odpor
neeken07,Neel,Kendall,2009483874,Kendall.Neel@nowhere.com,e0enn7ke,nk7e0ene,nek0nee7
cormar33,Corneluis,Margery,2099965986,Margery.Corneluis@nowhere.com,o3mrca3r,a3orr3mc,3raocmr3
lilfra26,Liles,Francis,208830633,Francis.Liles@nowhere.com,a6il2flr,ril26laf,2lir6laf
schbil11,Schlesener,Billy,2037064291,Billy.Schlesener@nowhere.com,bl1sic1h,l1bihc1s,hb1i1lsc
chimar69,Chiarini,Markus,2020815566,Markus.Chiarini@nowhere.com,ciarhm96,icrh6ma9,cmri6h9a
salgua26,Salois,Guadalupe,200742337,Guadalupe.Salois@nowhere.com,algs6au2,2sug6ala,62sgalua
hember39,Hembree,Berta,2030672349,Berta.Hembree@nowhere.com,39embrhe,mhbeer39,3eerb9hm
galkat82,Galanis,Kathyrn,202145650,Kathyrn.Galanis@nowhere.com,8laagk2t,atka2l8g,aat8g2lk
arvtow31,Arvidson,Towanda,2090098547,Towanda.Arvidson@nowhere.com,ot31rwva,to1r3wva,31rawotv
gatray09,Gately,Raymond,206428068,Raymond.Gately@nowhere.com,rtay09ga,y0agta9r,a0gryat9
felaud53,Felch,Audra,2022101307,Audra.Felch@nowhere.com,f5euald3,3dauel5f,al3u5def
donnom67,Dono,Noma,206197595,Noma.Dono@nowhere.com,6nnmd7oo,n7ndomo6,7ond6nom
suslen27,Suski,Lena,200849406,Lena.Suski@nowhere.com,ne7l2sus,s27seunl,slneus72
guegil64,Guerrieri,Gil,202308485,Gil.Guerrieri@nowhere.com,46guiegl,iglg4eu6,eig6lug4
tamela64,Tamashiro,Eladia,205499303,Eladia.Tamashiro@nowhere.com,maal4t6e,a4ael6tm,lmt6eaa4
sanjam53,Sandoe,Jamie,204492369,Jamie.Sandoe@nowhere.com,sjan3ma5,3aa5jmsn,3asmj5na
uhloli23,Uhlich,Olin,2037746975,Olin.Uhlich@nowhere.com,23oilulh,o3lhl2iu,ho2lu3li
geiole05,Geitgey,Oleta,2093536192,Oleta.Geitgey@nowhere.com,,ie50elog,05geoiel
domfra27,Domke,Frankie,209026963,Frankie.Domke@nowhere.com,fd2oarm7,rm27aodf,rmoda7f2
stufra70,Stubson,Francis,207184444,Francis.Stubson@nowhere.com,ruat07sf,s70aufrt,u0trasf7
hamdar36,Hampshire,Darryl,2020513319,Darryl.Hampshire@nowhere.com,6amhdra3,mdrh63aa,3mra6dah
agnelz45,Agnelli,Elza,2035432378,Elza.Agnelli@nowhere.com,eg5a4zln,gnalze54,az4g5lne
woomic98,Wooderson,Micha,206156895,Micha.Wooderson@nowhere.com,omcow9i8,89ioomwc,oo8imc9w
gelang82,Geldrich,Angelena,200219000,Angelena.Geldrich@nowhere.com,g8gn2lea,2gang8le,8ag2nlge
curdod56,Curd,Dodie,2060811019,Dodie.Curd@nowhere.com,ud5rd6co,5cdudo6r,ru6odc5d
valyvo58,Valakas,Yvone,202091565,Yvone.Valakas@nowhere.com,vl5a8yov,8al5vyvo,v8al5ovy
kammon71,Kampfer,Monet,202713631,Monet.Kampfer@nowhere.com,kmn7mao1,noa1mm7k,okn7a1mm
onefer40,Onell,Fernanda,205776013,Fernanda.Onell@nowhere.com,0fnoeer4,onreef04,r40nofee
godlib16,Godlove,Librada,203561974,Librada.Godlove@nowhere.com,logb6i1d,d1ilg6ob,gl1ibod6
glejon79,Gleich,Jone,204076453,Jone.Gleich@nowhere.com,9oneg7jl,7j9enlgo,lg7eo9jn
valgra22,Valasek,Gracie,2020170416,Gracie.Valasek@nowhere.com,vrgl22aa,g2ral2av,a2lg2arv
wolnom31,Wollen,Noma,209324420,Noma.Wollen@nowhere.com,mw1ol3no,nlo13mwo,3mo1lnwo
burjon20,Burston,Jonell,2080289065,Jonell.Burston@nowhere.com,2bruo0jn,rjon2u0b,0rju2nob
lapall91,Laperle,Allan,203941978,Allan.Laperle@nowhere.com,9plalla1,ap1llla9,lal1p9la
bridru00,Brinkmeyer,Drucilla,208791869,Drucilla.Brinkmeyer@nowhere.com,urdi0r0b,0rirbdu0,r00budir
thutre22,Thurstonson,Trenton,200609189,Trenton.Thurstonson@nowhere.com,tt2r2hue,tte22uhr,hte2ru2t
burdee75,Burd,Deeanna,2012171629,Deeanna.Burd@nowhere.com,5d7uereb,urebe5d7,5r7beedu
minber62,Minus,Bertha,201529278,Bertha.Minus@nowhere.com,m2rineb6,2nem6rib,6n2meibr
elltyl86,Ellen,Tyler,201228680,Tyler.Ellen@nowhere.com,e8yl6tll,tllyle68,8etl6lly
masgar47,Masztal,Garrett,2098228562,Garrett.Masztal@nowhere.com,g4r7amsa,7ma4sagr,s7mga4ar
demqui01,Demasi,Quiana,2038762587,Quiana.Demasi@nowhere.com,ie0d1uqm,qudm01ie,mduei01q
boeleo93,Boedeker,Leo,2038552166,Leo.Boedeker@nowhere.com,lo9e3eob,eob9oel3,9ebo3loe
majver97,Majica,Verena,200811375,Verena.Majica@nowhere.com,vemj9ar7,a7mrvej9,a7mvej9r
druedr43,Drumheller,Edris,2053312665,Edris.Drumheller@nowhere.com,e43urdrd,34rdedru,4duerdr3
batmeg35,Batchelder,Meggan,200449785,Meggan.Batchelder@nowhere.com,gbe3a5tm,tm5gabe3,mt35beag
lafpa680,Laferty,Pa,2038951272,Pa.Laferty@nowhere.com,0a6fpa8l,fla680ap,pf8a06al
doekim75,Doerner,Kimberli,2043201888,Kimberli.Doerner@nowhere.com,m7do5kei,komied75,id7oe5mk
lororl76,Lortz,Orlando,208662584,Orlando.Lortz@nowhere.com,rrll67oo,6orolr7l,76orllor
stitar31,Stiggers,Tarsha,205392269,Tarsha.Stiggers@nowhere.com,sratt1i3,t3a1rtis,r1ttas3i
sercar13,Seryak,Carley,202895033,Carley.Seryak@nowhere.com,eacs3r1r,rcrsa31e,rsc3re1a
molbre43,Moldovan,Breanna,200749427,Breanna.Moldovan@nowhere.com,bme43rlo,rb4ome3l,4ol3bemr
esttar91,Estabillo,Tarsha,201688903,Tarsha.Estabillo@nowhere.com,restta19,rt1east9,e9atts1r
wegarl13,Weglarz,Arlena,2027203143,Arlena.Weglarz@nowhere.com,grl3wae1,reg3w1la,1a3rwgle
shapor51,Shasky,Porsha,202788117,Porsha.Shasky@nowhere.com,5p1arohs,hsap1or5,15aphros
smoras67,Smock,Rashida,2012241181,Rashida.Smock@nowhere.com,6sasr7om,os67rmsa,6ram7sso
poujac74,Pound,Jacquelynn,203305761,Jacquelynn.Pound@nowhere.com,4c7aupoj,,auj7pco4
flujud36,Fluetsch,Judy,208009687,Judy.Fluetsch@nowhere.com,j6l3uudf,u6lj3dfu,df6l3juu
bagjer38,Bagley,Jerrica,207766709,Jerrica.Bagley@nowhere.com,b8ager3j,j3rbe8ga,a38jgber
shebob24,Sheely,Bobby,2059025197,Bobby.Sheely@nowhere.com,hs4b2beo,sb24beho,hbsob24e
tarmck72,Tartaglino,Mckinley,208074654,Mckinley.Tartaglino@nowhere.com,72actmrk,r2akmc7t,7mkr2cta
strast43,Stromberg,Astrid,2038240119,Astrid.Stromberg@nowhere.com,,rs3at4st,4st3rast
ambant94,Ambrose,Antonia,200004563,Antonia.Ambrose@nowhere.com,m9btn4aa,amnat94b,m4nabta9
cozcod29,Cozzi,Cody,209978097,Cody.Cozzi@nowhere.com,zdoc29co,d2coocz9,c2zoocd9
lendel07,Lenza,Delois,2020973009,Delois.Lenza@nowhere.com,7edleln0,0ele7dnl,0l7leend
carivy97,Carretero,Ivy,2008437816,Ivy.Carretero@nowhere.com,yrvc97ai,vyi7ar9c,rayi97cv
eppwar53,Epperly,Ward,202181073,Ward.Epperly@nowhere.com,wepra53p,a3rwpp5e,ewrapp53
viddor37,Vidro,Dorine,207794022,Dorine.Vidro@nowhere.com,did73orv,dd3viro7,d7dvio3r
scadan31,Scachette,Dan,204074136,Dan.Scachette@nowhere.com,a1ndcs3a,1casad3n,acan3d1s
talcin21,Talleut,Cindy,2058431038,Cindy.Talleut@nowhere.com,ian2ctl1,ilnca21t,2can1tli
ketcha08,Ketcherside,Chadwick,2031589947,Chadwick.Ketcherside@nowhere.com,8he0tcka,ktae0hc8,0ekcth8a
dimame84,Dimmick,Amee,2031225208,Amee.Dimmick@nowhere.com,4m8dmeia,dei48mam,midea8m4
bamdon56,Bamford,Dona,200137931,Dona.Bamford@nowhere.com,d6b5onam,5on6mbad,ban6do5m
burfra70,Burhanuddin,Fransisca,2066341934,Fransisca.Burhanuddin@nowhere.com,ufarrb07,r0au7rbf,bfaru07r
kleaug76,Kleinman,August,200506506,August.Kleinman@nowhere.com,a7g6luek,6a7uglek,g7eauk6l
deslub31,Desrosiers,Luba,203828583,Luba.Desrosiers@nowhere.com,deub31ls,e1dsl3bu,lbds13ue
shikev43,Shiffer,Keven,205540044,Keven.Shiffer@nowhere.com,43ehvsik,evsh34ki,sk4e3vhi
husfid57,Hussy,Fidela,2012797293,Fidela.Hussy@nowhere.com,d57uhsif,7ufsd5hi,h7uid5fs
hivdan92,Hives,Dannielle,208573717,Dannielle.Hives@nowhere.com,hivdna92,d9nihav2,dvnh2i9a
bongay85,Bonney,Gaye,204785714,Gaye.Bonney@nowhere.com,yb5a8gon,baoygn58,ayb85gon
schmar04,Schmeider,Maribeth,205845394,Maribeth.Schmeider@nowhere.com,rascm0h4,0rmhc4as,rsac0mh4
zolmel22,Zoldak,Melda,2015962541,Melda.Zoldak@nowhere.com,2elo2mlz,lz2l2oem,emo2l2zl
schfel96,Schulder,Felica,2049697504,Felica.Schulder@nowhere.com,ch6lefs9,lchs96fe,f6esl9hc
hazchi67,Hazelbush,Ching,206863269,Ching.Hazelbush@nowhere.com,7aczhhi6,hzc7hai6,hz7c6hia
mckhil59,Mckenney,Hilaria,2020121226,Hilaria.Mckenney@nowhere.com,kml95ich,lhmk9ic5,lck95him
creveo75,Crelia,Veola,201324186,Veola.Crelia@nowhere.com,revo57ce,e5r7eocv,evro5c7e
goonik31,Goodger,Nikki,209853972,Nikki.Goodger@nowhere.com,no3ok1gi,3nio1ogk,no3oik1g
oyelis68,Oyellette,Lissa,2000759605,Lissa.Oyellette@nowhere.com,oi8yel6s,8eio6yls,l8i6syeo
rajshe22,Rajan,Sherman,2052336737,Sherman.Rajan@nowhere.com,e2hrjas2,s22ahrej,s2hjre2a
demgeo97,Demange,Geoffrey,2048554098,Geoffrey.Demange@nowhere.com,m7egoed9,m7d9geoe,mede9o7g
asmlam24,Asmus,Lamonica,203930141,Lamonica.Asmus@nowhere.com,4aaslmm2,ma2mas4l,malam2s4
schbri06,Schoff,Bridgett,2074651586,Bridgett.Schoff@nowhere.com,hr6c0ibs,r6ch0bsi,ic6r0hbs
mckcec86,Mckelvie,Cecilia,204513647,Cecilia.Mckelvie@nowhere.com,cmccek86,km6ccec8,8ceckc6m
scatam73,Scafuri,Tamiko,204787586,Tamiko.Scafuri@nowhere.com,s7a3atmc,ca7ma3ts,tca3s7am
breviv17,Brean,Vivienne,2061460080,Vivienne.Brean@nowhere.com,iev17bvr,1brv7ive,v1evir7b
hirpri81,Hiraoka,Priscila,2013329923,Priscila.Hiraoka@nowhere.com,hirirp81,r8i1ihpr,i8prri1h
engchr35,Englert,Christie,208724667,Christie.Englert@nowhere.com,cr5heg3n,nc35eghr,e35chrgn
dabshe53,Dabrowski,Shella,203979535,Shella.Dabrowski@nowhere.com,sbde35ha,bh5ea3sd,dsa53heb
fralyn91,Francies,Lyndia,203304940,Lyndia.Francies@nowhere.com,yarn1fl9,fy9l1rna,9ylfrna1
derhul61,Derman,Hulda,2080501811,Hulda.Derman@nowhere.com,6heu1ldr,u1lerdh6,1dhe6lur
balnat24,Balthazor,Natasha,201087661,Natasha.Balthazor@nowhere.com,laant4b2,24nblata,analbt24
frover25,Froelich,Vergie,2052113943,Vergie.Froelich@nowhere.com,r5frevo2,e2orrv5f,f2r5rove
cluale07,Cluxton,Alejandrina,205642145,Alejandrina.Cluxton@nowhere.com,au70lelc,lla7c0eu,7ll0aecu
quashe52,Quail,Sherril,207082844,Sherril.Quail@nowhere.com,5h2saque,hse5au2q,a2eqush5
perkia90,Perrotti,Kia,2049326311,Kia.Perrotti@nowhere.com,pa0ik9re,kiarpe90,kr0pea9i
peddan28,Pedelty,Dante,2057887625,Dante.Pedelty@nowhere.com,danp8ed2,aeddnp82,2dpa8den
yonjaq25,Yonker,Jaqueline,203950959,Jaqueline.Yonker@nowhere.com,2qonj5ay,j2yoqna5,ojq5a2ny
gubyae21,Gubin,Yaeko,2096107913,Yaeko.Gubin@nowhere.com,bua21gye,gy21ebua,eygu1a2b
engdaw23,Engman,Dawna,2011963365,Dawna.Engman@nowhere.com,n2e3wgda,g3enw2ad,gnae2dw3
conchr16,Conley,Christin,2006783924,Christin.Conley@nowhere.com,1corhnc6,cr6cnho1,h6con1rc
stajal97,Staehle,Jaleesa,208455466,Jaleesa.Staehle@nowhere.com,j9as7tla,sa9jlt7a,79talsja
krzclo23,Krzyston,Clorinda,2077687728,Clorinda.Krzyston@nowhere.com,2roczk3l,rcokl3z2,zr2o3ckl
curjan42,Curpupoz,Janean,209591028,Janean.Curpupoz@nowhere.com,c2ar4unj,jnu4ra2c,ajurn42c
pordor12,Porada,Dora,203520505,Dora.Porada@nowhere.com,rdr2o1po,rrdp2oo1,r2orod1p
kapger83,Kapetanos,Gerry,206044534,Gerry.Kapetanos@nowhere.com,k3grap8e,3pakeg8r,p3eagr8k
ferelo29,Ferraiolo,Elois,2055665105,Elois.Ferraiolo@nowhere.com,lo2fe9er,ee2r9olf,olfe2er9
conlea51,Conrady,Leanne,202572006,Leanne.Conrady@nowhere.com,,ol5enac1,le1con5a
marhel20,Martie,Helga,202186207,Helga.Martie@nowhere.com,h0m2aerl,ahm20lre,mhe2a0lr
barlig66,Barett,Ligia,2024327746,Ligia.Barett@nowhere.com,6lb6argi,i6l6rgab,6bli6gra
covjac08,Coventry,Jacinto,2033315579,Jacinto.Coventry@nowhere.com,o8ccj0va,0ocvc8ja,javc80co
schpet96,Schweigert,Petra,2094440793,Petra.Schweigert@nowhere.com,s6te9phc,ep69tcsh,sthc9pe6
hancla42,Hannasch,Claris,2084860554,Claris.Hannasch@nowhere.com,c2ahlna4,l2ahnc4a,hla42acn
wehteo56,Wehe,Teodoro,201067055,Teodoro.Wehe@nowhere.com,w56etohe,5heweo6t,6oe5etwh
pregeo10,Presnar,Georgiana,201964882,Georgiana.Presnar@nowhere.com,1ergpe0o,er1pgoe0,r1epe0og
dutgen83,Duthie,Genny,2042334155,Genny.Duthie@nowhere.com,ed3t8ngu,te8ug3dn,et3g8ndu
turnat77,Turnbill,Nathalie,204543730,Nathalie.Turnbill@nowhere.com,una7t7rt,7nutta7r,u7tartn7
barfri20,Barham,Frida,2033329691,Frida.Barham@nowhere.com,riarbf02,ifr0arb2,02fribar
okoide53,Okonek,Idell,204356856,Idell.Okonek@nowhere.com,k5odoei3,oe3k5odi,ek53odio
puledm43,Pulham,Edmund,2085545084,Edmund.Pulham@nowhere.com,edlum34p,3e4lpdum,l43uemdp
pordel31,Portugal,Delinda,2023816213,Delinda.Portugal@nowhere.com,3lpodre1,1dl3erop,lro3epd1
shemel98,Sherrow,Melita,204679222,Melita.Sherrow@nowhere.com,9mslhee8,e8hles9m,9eselmh8
kolval10,Kolker,Valeria,2081698622,Valeria.Kolker@nowhere.com,0koa1lvl,v0lak1lo,lavk0ol1
orgluc00,Orgeron,Lucie,206765514,Lucie.Orgeron@nowhere.com,0clu0rgo,0ro0cugl,ulrgc00o
badros44,Badalamenti,Roseanne,208030630,Roseanne.Badalamenti@nowhere.com,4bsdr4ao,bsd4ro4a,ad4osr4b
cogrob43,Coggeshall,Roberto,2092942704,Roberto.Coggeshall@nowhere.com,roc3b4og,cg3o4bro,4or3bocg
pfaado00,Pfahlert,Adolfo,201743368,Adolfo.Pfahlert@nowhere.com,0a0apofd,doaap00f,0dpa0ofa
budsil86,Budy,Silas,2068267199,Silas.Budy@nowhere.com,l8i6ubsd,s6lb8uid,s6dil8bu
ruslue72,Rushlow,Luella,208948827,Luella.Rushlow@nowhere.com,lu72user,es2lu7ur,2s7uurle
ferken82,Fertal,Kenny,201498197,Kenny.Fertal@nowhere.com,nkeef2r8,2k8enfre,8kref2en
kozcri99,Kozola,Cristal,2026868683,Cristal.Kozola@nowhere.com,9roizk9c,9z9okicr,9c9kroiz
berjes06,Bertrum,Jess,2007665128,Jess.Bertrum@nowhere.com,s60rbeje,ers6jeb0,
giaren54,Giard,Renda,2040543039,Renda.Giard@nowhere.com,negrai45,aig4r5ne,g54renai
jobsan77,Jobe,Sanora,2080263911,Sanora.Jobe@nowhere.com,b7asnjo7,ob77jasn,7jbon7sa
johgla77,Johnsey,Glayds,209828693,Glayds.Johnsey@nowhere.com,agol7hj7,jg7olah7,7lhg7joa
