gramat50,Gray,Matthew,Matthew.Gray@nowhere.com
garpet76,Garcia,Peter,Peter.Garcia@nowhere.com
gartho94,Garcia,Thomas,Thomas.Garcia@nowhere.com
thochr37,Thompson,Christopher,Christopher.Thompson@nowhere.com
jamjos34,James,Jose,Jose.James@nowhere.com
henreb89,Hensley,Rebecca,Rebecca.Hensley@nowhere.com
harnan54,Harrison,Nancy,Nancy.Harrison@nowhere.com
camkel69,Campbell,Kellie,Kellie.Campbell@nowhere.com
comtho83,Compton,Thomas,Thomas.Compton@nowhere.com
lewrob00,Lewis,Robert,Robert.Lewis@nowhere.com
scholi94,Schaefer,Olivia,Olivia.Schaefer@nowhere.com
warsab72,Ward,Sabrina,Sabrina.Ward@nowhere.com
taycyn24,Taylor,Cynthia,Cynthia.Taylor@nowhere.com
jacpau04,Jackson,Paul,Paul.Jackson@nowhere.com
writam79,Wright,Tami,Tami.Wright@nowhere.com
ranjus82,Rangel,Justin,Justin.Rangel@nowhere.com
phijac21,Phillips,Jacob,Jacob.Phillips@nowhere.com
edweri21,Edwards,Eric,Eric.Edwards@nowhere.com
harsan65,Harrington,Sandra,Sandra.Harrington@nowhere.com
leeadr36,Lee,Adriana,Adriana.Lee@nowhere.com
gloreb44,Glover,Rebecca,Rebecca.Glover@nowhere.com
wasemi56,Washington,Emily,Emily.Washington@nowhere.com
larjam53,Larson,Jamie,Jamie.Larson@nowhere.com
