cocant05,Cochran,Anthony,Anthony.Cochran@nowhere.com
wilale85,Wilson,Alexander,Alexander.Wilson@nowhere.com
mcinic18,Mcintyre,Nicole,Nicole.Mcintyre@nowhere.com
byrrac05,Byrd,Rachel,Rachel.Byrd@nowhere.com
galshe03,Gallagher,Sheryl,Sheryl.Gallagher@nowhere.com
storic51,Stokes,Ricky,Ricky.Stokes@nowhere.com
ocojoh60,Oconnor,John,John.Oconnor@nowhere.com
aguzac99,Aguirre,Zachary,Zachary.Aguirre@nowhere.com
thoric24,Thomas,Richard,Richard.Thomas@nowhere.com
clater17,Clark,Teresa,Teresa.Clark@nowhere.com
harmor86,Hart,Morgan,Morgan.Hart@nowhere.com
