dunhow39,Dunn,Howard,Howard.Dunn@nowhere.com
boylau93,Boyer,Laurie,Laurie.Boyer@nowhere.com
delkyl94,Deleon,Kyle,Kyle.Deleon@nowhere.com
byrden77,Byrd,Dennis,Dennis.Byrd@nowhere.com
johrac79,Johnson,Rachel,Rachel.Johnson@nowhere.com
allash07,Allen,Ashley,Ashley.Allen@nowhere.com
henshe03,Hensley,Sherry,Sherry.Hensley@nowhere.com
davjoh51,Davidson,John,John.Davidson@nowhere.com
torjil11,Torres,Jillian,Jillian.Torres@nowhere.com
schsab32,Schwartz,Sabrina,Sabrina.Schwartz@nowhere.com
hanjas09,Hansen,Jason,Jason.Hansen@nowhere.com
gueton75,Guerrero,Tony,Tony.Guerrero@nowhere.com
salkim26,Salazar,Kimberly,Kimberly.Salazar@nowhere.com
torkar45,Torres,Karen,Karen.Torres@nowhere.com
coxisa25,Cox,Isaac,Isaac.Cox@nowhere.com
stosha12,Stone,Shane,Shane.Stone@nowhere.com
gilmor75,Gilbert,Morgan,Morgan.Gilbert@nowhere.com
chakar43,Chavez,Karen,Karen.Chavez@nowhere.com
phajas64,Pham,Jason,Jason.Pham@nowhere.com
steben32,Stewart,Benjamin,Benjamin.Stewart@nowhere.com
