dubdar73,Dubord,Darline,204149334,Darline.Dubord@nowhere.com,durd7b3a,adrub37d,7urb3dad
genchl42,Gentles,Chloe,2083218406,Chloe.Gentles@nowhere.com,4ehglc2n,le4nc2gh,24nehlgc
snoiso94,Snover,Isobel,2026332738,Isobel.Snover@nowhere.com,,no9oss4i,i4oosns9
caiirm38,Cainne,Irma,204321634,Irma.Cainne@nowhere.com,m3a8icir,irmaic83,ri3amic8
begoli86,Begaye,Olimpia,2034445798,Olimpia.Begaye@nowhere.com,ol68igeb,8o6ilbeg,g6l8beio
schkas56,Schlotte,Kasie,200430913,Kasie.Schlotte@nowhere.com,hckass56,5asskc6h,skc5h6as
schros14,Schlosser,Roselia,208585678,Roselia.Schlosser@nowhere.com,oshsc41r,14cssohr,o1csshr4
filkyl45,Filarecki,Kyle,207419081,Kyle.Filarecki@nowhere.com,yk5f4lli,il4lky5f,4llyi5fk
tiedel02,Tiede,Delisa,202788076,Delisa.Tiede@nowhere.com,e0itle2d,dle0ei2t,liede2t0
canize06,Cancelliere,Izetta,209573853,Izetta.Cancelliere@nowhere.com,06zniace,nzaci0e6,a0ezc6ni
stiade34,Stiggers,Adelle,201159744,Adelle.Stiggers@nowhere.com,3ed4iats,e4das3ti,d43sitae
vesvin73,Veshedsky,Vincenzo,2008717668,Vincenzo.Veshedsky@nowhere.com,s7v3ivne,e7visnv3,vs7vien3
heipas89,Heidenescher,Pasty,204811194,Pasty.Heidenescher@nowhere.com,8eipsa9h,h9e8saip,e9h8aips
bootil26,Boothby,Tilda,2071323546,Tilda.Boothby@nowhere.com,l6ioto2b,io6ol2tb,bio6tlo2
lodcla92,Loduca,Clay,206067322,Clay.Loduca@nowhere.com,9ald2col,o9l2dalc,l2aldco9
chioma72,Chiarenza,Omar,201619304,Omar.Chiarenza@nowhere.com,ciah27mo,hoi7a2mc,ch2mai7o
strsan93,Streich,Sandy,2000852454,Sandy.Streich@nowhere.com,3srt9nsa,rsn9ats3,snsa9rt3
geladi78,Gelman,Adina,203212471,Adina.Gelman@nowhere.com,ae7lid8g,8deg7lai,8d7lgiea
amekar05,Amero,Karole,203647656,Karole.Amero@nowhere.com,ame5ka0r,aamer5k0,0kr5eaam
dobdon34,Dobkin,Donte,206584724,Donte.Dobkin@nowhere.com,dond4ob3,n3bdood4,odd4nob3
navtha07,Navarrate,Thao,200414104,Thao.Navarrate@nowhere.com,t7h0anav,a7at0nhv,nt7haav0
matcri64,Matrisciano,Cristobal,202896221,Cristobal.Matrisciano@nowhere.com,itramc46,ta6c4mir,tmr64cai
arecol85,Arenivar,Colette,2089751969,Colette.Arenivar@nowhere.com,8rol5aec,8e5alrco,a5ole8cr
fracon22,Franzmann,Concepcion,206446811,Concepcion.Franzmann@nowhere.com,a2nfo2rc,2ar2ofcn,2cn2aorf
schtra43,Schroder,Travis,2061497162,Travis.Schroder@nowhere.com,r4csah3t,htc3ars4,thsa43cr
syeher85,Syer,Herschel,200523389,Herschel.Syer@nowhere.com,yseer58h,srye58he,yerseh58
bloflo58,Bloom,Floy,2089312420,Floy.Bloom@nowhere.com,oolbf8l5,lo5lf8bo,o85flolb
rodlua88,Rodeheaver,Luanne,206264650,Luanne.Rodeheaver@nowhere.com,oaru8l8d,odru8l8a,ulor8ad8
fauele06,Faught,Eleanora,2067097605,Eleanora.Faught@nowhere.com,u6elaf0e,0elfuea6,0eul6aef
asssid92,Assad,Sidney,2021840029,Sidney.Assad@nowhere.com,9sasd2si,sida9ss2,2adisss9
whijad77,Whistle,Jade,204542529,Jade.Whistle@nowhere.com,wah7idj7,aij7w7hd,7hiw7jad
segcla89,Segerson,Claudia,208043347,Claudia.Segerson@nowhere.com,ca98sgle,cg8ea9sl,a8cel9gs
kisjon60,Kisto,Joni,200330707,Joni.Kisto@nowhere.com,o0sji6kn,sk0oji6n,ik0ojs6n
nimmac05,Nim,Mack,2057447915,Mack.Nim@nowhere.com,nmm5iac0,,0n5cmima
todann10,Todhunter,Anna,204928173,Anna.Todhunter@nowhere.com,no1n0adt,anodn1t0,1dto0nan
mcgelm28,Mcgoey,Elmer,2025582972,Elmer.Mcgoey@nowhere.com,mgl8m2ec,ecmg2l8m,cmlm2ge8
viebet33,Vieth,Bette,204484289,Bette.Vieth@nowhere.com,bi3eevt3,be3vi3te,3eitve3b
meereb90,Meers,Rebecca,200974668,Rebecca.Meers@nowhere.com,be09mree,er0mbe9e,bee9me0r
gasjen73,Gaster,Jenelle,2043236666,Jenelle.Gaster@nowhere.com,sg37ajen,a3gj7nes,sgjne7a3
byucla37,Byun,Clarita,2030307309,Clarita.Byun@nowhere.com,7byua3cl,7bau3ycl,uc3l7yab
degter00,Degrave,Terence,2072136961,Terence.Degrave@nowhere.com,ge0rdt0e,edeg00tr,gr00edet
condor78,Conrad,Doretha,2091710569,Doretha.Conrad@nowhere.com,ocod8r7n,7drocno8,d7oornc8
chitay10,Chindlund,Taylor,2060020170,Taylor.Chindlund@nowhere.com,tyi10hac,ic0t1yha,1ihtyca0
guydes66,Guyette,Desire,2041309901,Desire.Guyette@nowhere.com,6gyu6eds,ysu6eg6d,6gesy6du
matjos83,Matsuo,Josie,2035026398,Josie.Matsuo@nowhere.com,mjat83os,3st8aojm,jo83tasm
vogshe63,Vogelgesang,Sherryl,203220185,Sherryl.Vogelgesang@nowhere.com,seo6hv3g,se6v3gho,g6ovh3es
porsha73,Portee,Shannan,200562915,Shannan.Portee@nowhere.com,s3r7poha,r7psaho3,arp7sh3o
kurfre65,Kurka,Freida,2015084963,Freida.Kurka@nowhere.com,f6krre5u,rkufe65r,5ufkre6r
potdor37,Potters,Dori,2014911028,Dori.Potters@nowhere.com,p7oordt3,d3rptoo7,o7tr3pod
bejkat23,Bejarano,Kathy,208574459,Kathy.Bejarano@nowhere.com,tkb2ja3e,b3tjke2a,ak2eb3jt
kubteo51,Kubala,Teodoro,202903477,Teodoro.Kubala@nowhere.com,toe1kub5,1ekubot5,bt15okeu
hotcar37,Hottell,Caridad,2094170480,Caridad.Hottell@nowhere.com,a7r3coht,t3achro7,tao73rch
pitkam66,Pittenger,Kam,2003777978,Kam.Pittenger@nowhere.com,mtak66ip,6tik6pam,
slakat11,Slack,Katelin,208313022,Katelin.Slack@nowhere.com,las1tak1,a1lak1st,sltk1aa1
buctan24,Buckwald,Taneka,2058050902,Taneka.Buckwald@nowhere.com,tb4an2uc,4cbaut2n,ncab2t4u
solhea61,Soltes,Heather,200486007,Heather.Soltes@nowhere.com,1oaeshl6,1eaosl6h,1ohas6el
marcor53,Marshman,Corliss,2049389063,Corliss.Marshman@nowhere.com,rcramo53,ac3mr5or,a3or5crm
dedste40,Dedeaux,Stewart,209677583,Stewart.Dedeaux@nowhere.com,04dedset,sdedt0e4,4dedtse0
ripmar31,Rippey,Maricela,200313398,Maricela.Rippey@nowhere.com,rarip3m1,am1rpi3r,irma3r1p
sincri10,Sine,Cristine,203992219,Cristine.Sine@nowhere.com,i0i1csrn,nisr0c1i,1si0rnci
conros45,Conti,Rosalind,209391747,Rosalind.Conti@nowhere.com,coson4r5,54ornosc,4rscn5oo
mcclup01,Mcclellon,Lupita,2022246661,Lupita.Mcclellon@nowhere.com,1p0clucm,cp10lmcu,p1l0cumc
salwar67,Salman,Ward,209082509,Ward.Salman@nowhere.com,wra7s6al,sl7awa6r,lw6saar7
nigjac96,Niggemann,Jackson,2087255693,Jackson.Niggemann@nowhere.com,jg6iac9n,nac9gj6i,9ainjcg6
fazclo54,Fazzinga,Clorinda,2077167683,Clorinda.Fazzinga@nowhere.com,lzcaf54o,lof4a5cz,
peclav13,Pecoraino,Lavonia,2024312866,Lavonia.Pecoraino@nowhere.com,cel31pva,1cealvp3,3lpecva1
dinkat23,Dinger,Katia,203061551,Katia.Dinger@nowhere.com,2dk3anti,dikat2n3,ni3tda2k
kriman76,Kridel,Mandy,206120778,Mandy.Kridel@nowhere.com,a6rn7mki,a6kin7mr,ani76kmr
budnic30,Budine,Nickolas,205467415,Nickolas.Budine@nowhere.com,u0n3cbid,3bi0uncd,0i3bundc
chovas98,Chochrek,Vasiliki,2086126202,Vasiliki.Chochrek@nowhere.com,sh8vao9c,v9h8asoc,8cvasoh9
bregia89,Brewington,Gia,205768717,Gia.Brewington@nowhere.com,9bareg8i,ir8ae9bg,9gri8abe
hurmar91,Hurrell,Marcos,200340662,Marcos.Hurrell@nowhere.com,1rm9huar,9um1rarh,hu1a9rrm
brokar36,Brost,Kari,203219172,Kari.Brost@nowhere.com,b3or6ark,ro3rb6ak,br6aor3k
sorpai24,Soro,Paige,208438800,Paige.Soro@nowhere.com,2isarpo4,posar24i,2oirasp4
sancha59,Santis,Charita,2023878226,Charita.Santis@nowhere.com,ha9n5asc,9ashacn5,cnahsa95
varmai41,Varuzzo,Maire,200817984,Maire.Varuzzo@nowhere.com,v1a4armi,av1ma4ri,1irmvaa4
sebaki77,Sebasovich,Akilah,2032424743,Akilah.Sebasovich@nowhere.com,b7i7seka,a7b7skie,bei7s7ak
weblol35,Webbink,Lolita,200944706,Lolita.Webbink@nowhere.com,5lelobw3,53ewobll,l3w5lbeo
damkei81,Damoro,Keitha,2068442905,Keitha.Damoro@nowhere.com,diake1m8,idm8kea1,eka8im1d
klifre70,Klinetob,Freddie,200489766,Freddie.Klinetob@nowhere.com,fkire0l7,li0erkf7,i7lfrek0
paposc49,Papik,Oscar,200201091,Oscar.Papik@nowhere.com,ps4p9aoc,9csop4ap,coa9p4sp
betbla30,Betzold,Blanche,202365812,Blanche.Betzold@nowhere.com,l0tabe3b,tabb3e0l,abl30bet
ortchr78,Orts,Christine,2094495093,Christine.Orts@nowhere.com,t7crhr8o,rcor7h8t,rrc7t8oh
timdar11,Timko,Darwin,201617505,Darwin.Timko@nowhere.com,tri1d1am,d1mrtai1,1mdir1ta
gareli69,Gardinier,Elissa,202999749,Elissa.Gardinier@nowhere.com,re6gal9i,ila6r9ge,9irgela6
petwil19,Pettrey,Willena,2007309733,Willena.Pettrey@nowhere.com,ile91ptw,wt9le1pi,1p9wetli
wilgra39,Wildt,Grady,206139645,Grady.Wildt@nowhere.com,wli3a9gr,iargl93w,lagir93w
sataub53,Satchel,Aubrey,206986912,Aubrey.Satchel@nowhere.com,btaa5su3,as3aub5t,t5aaub3s
phatam93,Phatdouang,Tamera,2086005960,Tamera.Phatdouang@nowhere.com,am3t9hpa,3a9atmph,3mtpa9ah
lafros66,Lafantano,Rosario,2032574424,Rosario.Lafantano@nowhere.com,6sfar6lo,6aor6sfl,r6lasfo6
defgay41,Defries,Gay,2042020643,Gay.Defries@nowhere.com,1deyfa4g,d1fye4ga,f1deayg4
shudan65,Shult,Danna,207483063,Danna.Shult@nowhere.com,sn56auhd,nh5su6da,6ahs5dun
kalmar50,Kalaf,Maryann,200841002,Maryann.Kalaf@nowhere.com,amr0kla5,a5al0kmr,mlra5ka0
konbre13,Konderla,Breanna,2025739001,Breanna.Konderla@nowhere.com,n1be3okr,1ke3onrb,31koernb
neslou85,Neshem,Louie,2053895522,Louie.Neshem@nowhere.com,8eluso5n,8e5oulsn,nolsu8e5
mcilai38,Mcinvale,Laine,202809588,Laine.Mcinvale@nowhere.com,8aciil3m,8icla3mi,ila8mc3i
schjan40,Schieber,Janett,200627308,Janett.Schieber@nowhere.com,acn0jhs4,janc0hs4,nh4a0cjs
olaada56,Olarte,Adan,2012542682,Adan.Olarte@nowhere.com,6l5adoaa,ld6a5aoa,a5aaldo6
devros26,Deveaux,Rosalba,204964505,Rosalba.Deveaux@nowhere.com,2vsoe6rd,dv6so2re,r6eos2vd
clemin49,Clerk,Minnie,2047441530,Minnie.Clerk@nowhere.com,c9elnm4i,i9n4cmel,4lenic9m
rellor69,Rella,Lorena,2044357782,Lorena.Rella@nowhere.com,lorrel96,er9lo6lr,r6rlole9
shelaz14,Sheffey,Lazaro,2005678052,Lazaro.Sheffey@nowhere.com,l1zehsa4,4zs1elha,hsae4zl1
poybra43,Poyer,Brad,2006132215,Brad.Poyer@nowhere.com,3pyaob4r,op34ybar,y3arpo4b
chache32,Chae,Cheryle,2056580812,Cheryle.Chae@nowhere.com,c2ae3chh,c32chhae,2aceh3hc
cesjan33,Cestari,Janeen,2060666043,Janeen.Cestari@nowhere.com,n3aejcs3,anesj3c3,ja3c3ens
hedfos11,Hedegaard,Foster,2015983892,Foster.Hedegaard@nowhere.com,dh1feso1,o1hsfe1d,fh1sedo1
kurhay09,Kurt,Hayley,2080518689,Hayley.Kurt@nowhere.com,a9yuhrk0,,rau0hyk9
quecha16,Quelette,Chassidy,2094795737,Chassidy.Quelette@nowhere.com,,euc16qah,e6qhcu1a
ecojan51,Economos,Janetta,204694695,Janetta.Economos@nowhere.com,e5on1caj,e51cnjao,o5nc1aje
vereva75,Verdine,Evan,2069581074,Evan.Verdine@nowhere.com,v5evra7e,rv7ve5ea,r7vev5ea
fjekei88,Fjeseth,Keisha,2007511807,Keisha.Fjeseth@nowhere.com,eijke88f,8eik8fej,fejke8i8
loflid04,Lofstead,Lidia,2040042707,Lidia.Lofstead@nowhere.com,ol0ld4fi,do0l4lfi,dl40olif
leaval21,Leaver,Vallie,205774705,Vallie.Leaver@nowhere.com,le2a1lva,leala2v1,ae1lvl2a
neujen95,Neufville,Jenniffer,2063510818,Jenniffer.Neufville@nowhere.com,enuje5n9,e5enun9j,5enjuen9
gonann20,Gonales,Anne,2066688393,Anne.Gonales@nowhere.com,gn0no2na,20onnnag,2a0nognn
hoghen10,Hogge,Henriette,2068224991,Henriette.Hogge@nowhere.com,egno0hh1,,
dankha96,Danks,Khalilah,204747300,Khalilah.Danks@nowhere.com,96adhnak,d6n9akah,a9anhk6d
schros45,Schram,Ross,2067070204,Ross.Schram@nowhere.com,sr5o4csh,5cosh4sr,5sorcsh4
caevic16,Caetano,Victorina,207779981,Victorina.Caetano@nowhere.com,ec6av1ic,c6vace1i,1va6icec
scagol92,Scaglione,Golden,206038397,Golden.Scaglione@nowhere.com,ac29slog,2oalcs9g,a2solcg9
ziobre41,Ziolkowski,Brenda,2019695930,Brenda.Ziolkowski@nowhere.com,iobzre41,or1ez4bi,1o4zrbie
macval71,Macinnes,Valencia,2023138401,Valencia.Macinnes@nowhere.com,mav1alc7,avlamc17,av7amlc1
kiator03,Kiang,Tory,206677250,Tory.Kiang@nowhere.com,0ort3ika,akrt3o0i,rk3a0toi
soushe44,Southwood,Sherly,2070438964,Sherly.Southwood@nowhere.com,4suohs4e,4es4souh,ues4hos4
sabser03,Sabori,Serena,2011116550,Serena.Sabori@nowhere.com,se03srba,s3bra0se,eb30asrs
moncor13,Monohan,Corie,2000273082,Corie.Monohan@nowhere.com,mnco3or1,conrmo31,1o3nmrco
