hebkar18,Hebert,Karen,Karen.Hebert@nowhere.com
ramant71,Ramos,Anthony,Anthony.Ramos@nowhere.com
lemar924,Le,Mary,Mary.Le@nowhere.com
calmon34,Caldwell,Monica,Monica.Caldwell@nowhere.com
mitjoe80,Mitchell,Joel,Joel.Mitchell@nowhere.com
findeb28,Finley,Debbie,Debbie.Finley@nowhere.com
gomdan12,Gomez,Daniel,Daniel.Gomez@nowhere.com
wartyl61,Ward,Tyler,Tyler.Ward@nowhere.com
melann96,Melendez,Anna,Anna.Melendez@nowhere.com
perbra21,Perez,Brandon,Brandon.Perez@nowhere.com
