marjas85,Marshall,Jason,Jason.Marshall@nowhere.com
matgin00,Mathews,Gina,Gina.Mathews@nowhere.com
conles05,Contreras,Leslie,Leslie.Contreras@nowhere.com
knishi64,Knight,Shirley,Shirley.Knight@nowhere.com
walmat97,Walton,Matthew,Matthew.Walton@nowhere.com
phirob48,Phillips,Robert,Robert.Phillips@nowhere.com
shajos72,Shaw,Joseph,Joseph.Shaw@nowhere.com
cookyl90,Cooley,Kyle,Kyle.Cooley@nowhere.com
brerob99,Brewer,Roberto,Roberto.Brewer@nowhere.com
andken72,Anderson,Kenneth,Kenneth.Anderson@nowhere.com
coldus09,Collins,Dustin,Dustin.Collins@nowhere.com
jefjus34,Jefferson,Justin,Justin.Jefferson@nowhere.com
espjoh73,Espinoza,John,John.Espinoza@nowhere.com
broash63,Brown,Ashley,Ashley.Brown@nowhere.com
stepam00,Stevens,Pamela,Pamela.Stevens@nowhere.com
haynat81,Haynes,Nathan,Nathan.Haynes@nowhere.com
