nelhan78,Nelson,Hannah,Hannah.Nelson@nowhere.com
guemat38,Guerrero,Matthew,Matthew.Guerrero@nowhere.com
cohwil37,Cohen,William,William.Cohen@nowhere.com
hunjam85,Hunt,James,James.Hunt@nowhere.com
lewkar59,Lewis,Karen,Karen.Lewis@nowhere.com
allsus80,Allen,Susan,Susan.Allen@nowhere.com
whiter71,White,Terry,Terry.White@nowhere.com
claste72,Clark,Stephen,Stephen.Clark@nowhere.com
johtod59,Johnson,Todd,Todd.Johnson@nowhere.com
lamtra10,Lam,Traci,Traci.Lam@nowhere.com
moosta01,Moore,Stacey,Stacey.Moore@nowhere.com
gibtim50,Gibson,Timothy,Timothy.Gibson@nowhere.com
dawbec42,Dawson,Becky,Becky.Dawson@nowhere.com
bauedw09,Bautista,Edward,Edward.Bautista@nowhere.com
haytar40,Haynes,Tara,Tara.Haynes@nowhere.com
davash69,Davis,Ashley,Ashley.Davis@nowhere.com
cardan08,Carr,Daniel,Daniel.Carr@nowhere.com
cambri30,Campbell,Brittany,Brittany.Campbell@nowhere.com
thosco00,Thompson,Scott,Scott.Thompson@nowhere.com
sanmar49,Santana,Margaret,Margaret.Santana@nowhere.com
kelsan60,Kelly,Sandra,Sandra.Kelly@nowhere.com
tucdar56,Tucker,Darrell,Darrell.Tucker@nowhere.com
