hedshe42,Hedin,Sherron,2002666260,Sherron.Hedin@nowhere.com,heshd4e2,deeh2hs4,sdh2e4eh
guarox36,Guadarrama,Roxane,2077445214,Roxane.Guadarrama@nowhere.com,ug6ox3ra,36ugrxoa,o3gxu6ar
lesrod62,Lessner,Rodger,2083454675,Rodger.Lessner@nowhere.com,6r2dosel,e6o2lrds,6s2ledor
caskei83,Castongvay,Keith,2099934532,Keith.Castongvay@nowhere.com,38kacsie,iek8as3c,ae8sik3c
boudaw00,Bouche,Dawn,2080830082,Dawn.Bouche@nowhere.com,0ab0dwou,aub0wdo0,bu0a0owd
enganj01,Engeman,Anjelica,2043613456,Anjelica.Engeman@nowhere.com,ag1n0ejn,gnea1n0j,naenjg10
holbar14,Holsonback,Barbera,2023730442,Barbera.Holsonback@nowhere.com,labo1h4r,1hbr4lao,bh4ro1al
lobvau41,Lobell,Vaughn,2000656057,Vaughn.Lobell@nowhere.com,o1vaul4b,lo4va1bu,o1lvabu4
oveade01,Overholser,Adella,202101147,Adella.Overholser@nowhere.com,1ea0eovd,eeodav10,eaeod10v
fercol23,Ferer,Colene,2022827712,Colene.Ferer@nowhere.com,o3elcrf2,eoc32rfl,co2rfl3e
teasal38,Teagarden,Salvador,2053392316,Salvador.Teagarden@nowhere.com,,e8tlaa3s,8sata3le
hossoo14,Hosseini,Sook,2014082410,Sook.Hosseini@nowhere.com,os4oosh1,hos1o4so,so41ohos
fafdon67,Fafinski,Dong,203083525,Dong.Fafinski@nowhere.com,da7f6onf,6oaf7ndf,n6a7ffdo
rubaly61,Rubloff,Alysha,203815797,Alysha.Rubloff@nowhere.com,la6uy1br,yrbau1l6,r1b6layu
rodjua75,Rodeman,Juana,200709393,Juana.Rodeman@nowhere.com,a5o7djru,o5ra7dju,arod57uj
tatedw26,Taton,Edward,206124925,Edward.Taton@nowhere.com,aet26tdw,tawd6e2t,2tatdew6
girste30,Girone,Stephaine,2049690635,Stephaine.Girone@nowhere.com,igesr03t,ir03stge,tergs0i3
walvan35,Waldren,Vannessa,2008814972,Vannessa.Waldren@nowhere.com,nwv35aal,n5alvwa3,5an3wavl
banter38,Banowetz,Teresa,206208959,Teresa.Banowetz@nowhere.com,nrta8e3b,ar8tbn3e,aen83trb
reeros72,Reesor,Rosario,2077959044,Rosario.Reesor@nowhere.com,e27rsoer,esrro72e,rree2o7s
zorbok91,Zortman,Bok,2023711906,Bok.Zortman@nowhere.com,9kzboro1,or9ok1bz,b19krooz
hagjen69,Hagaman,Jeniffer,201140759,Jeniffer.Hagaman@nowhere.com,n9gej6ah,ean69jgh,e9gj6anh
schdor56,Schrunk,Dorris,2017982698,Dorris.Schrunk@nowhere.com,crs6od5h,d5ro6sch,d6oh5src
graele02,Granvold,Elenora,204319955,Elenora.Granvold@nowhere.com,er20gael,0era2gle,ler02eag
pilren37,Pilakowski,Renaldo,2004659612,Renaldo.Pilakowski@nowhere.com,pei73nlr,ni37relp,nil7e3rp
koebro79,Koetz,Brook,2002298376,Brook.Koetz@nowhere.com,b9r7ooke,79kroeob,7rbe9oko
statom74,Staum,Tommy,208305560,Tommy.Staum@nowhere.com,ot7mast4,47osmtta,tts4am7o
marchu81,Marbley,Chung,201002139,Chung.Marbley@nowhere.com,uha8mr1c,mcau1rh8,8acr1hum
cicmar69,Cicali,Martin,2075663631,Martin.Cicali@nowhere.com,9ciram6c,cac9r6mi,rmiac69c
warshe12,Warboys,Shelby,2078077504,Shelby.Warboys@nowhere.com,r2wsah1e,whes1r2a,1easrwh2
dorjoe13,Dorat,Joelle,2028421258,Joelle.Dorat@nowhere.com,3oojed1r,od1rejo3,o13ejord
zahlis62,Zahnow,Lissette,2030028218,Lissette.Zahnow@nowhere.com,6h2iaslz,s2lhiza6,azis2hl6
sigdom63,Signs,Dominique,200545056,Dominique.Signs@nowhere.com,dgi6osm3,d3ms6goi,s6igmo3d
headel92,Headd,Delcie,206205159,Delcie.Headd@nowhere.com,2da9leeh,9lheade2,el29aehd
laieve87,Laiche,Evelin,203587592,Evelin.Laiche@nowhere.com,i78eleva,e87ealiv,el8a7ive
rietra35,Riemer,Tracie,2038189268,Tracie.Riemer@nowhere.com,rrei3a5t,aer35rti,tirra3e5
louhum15,Louwagie,Humberto,202891848,Humberto.Louwagie@nowhere.com,15lohumu,oulhm15u,lhumo51u
duvest48,Duverne,Estrella,205294303,Estrella.Duverne@nowhere.com,ut8se4dv,v84eustd,4eut8vds
sisliz99,Sissell,Liza,2025351179,Liza.Sissell@nowhere.com,si9sil9z,zisl9si9,9zsisi9l
chisuz20,Chila,Suzy,203285451,Suzy.Chila@nowhere.com,0czu2sih,hs0zuci2,iuc2hs0z
olfsun11,Olfers,Sunday,209201195,Sunday.Olfers@nowhere.com,1ou1flsn,nlous11f,1uslf1on
okuiol27,Okumoto,Iola,206854610,Iola.Okumoto@nowhere.com,l7uiook2,k72iolou,k2ooi7ul
grekee17,Greig,Keely,204157293,Keely.Greig@nowhere.com,e1gkree7,regee7k1,ek7rege1
howdor25,Howze,Dorotha,2091547623,Dorotha.Howze@nowhere.com,wr25oodh,o5wor2dh,who5od2r
zerray54,Zertuche,Raymonde,202044620,Raymonde.Zertuche@nowhere.com,4era5zyr,ery5rza4,4zayerr5
switre71,Swist,Treasa,2065944483,Treasa.Swist@nowhere.com,w1rite7s,1wtsr7ie,stwi71re
anajul76,Anastas,Juli,2039460608,Juli.Anastas@nowhere.com,aa7nlju6,nu6aaj7l,luaaj76n
dupmar83,Dupler,Marshall,2005193969,Marshall.Dupler@nowhere.com,dap83umr,aud3pmr8,8pdmua3r
cibcha42,Ciborowski,Charisse,204299695,Charisse.Ciborowski@nowhere.com,4bahci2c,bc4ci2ah,2aci4cbh
sozcal20,Soza,Calvin,202786301,Calvin.Soza@nowhere.com,zao2slc0,2a0olcsz,sc2z0oal
litdud78,Litterer,Dudley,206374106,Dudley.Litterer@nowhere.com,udd7ti8l,tuld7d8i,d87ltdui
reirud00,Reierson,Rudy,2062936043,Rudy.Reierson@nowhere.com,ui0ed0rr,00rdurie,eidu00rr
petaly96,Pettinelli,Alyssa,2036050246,Alyssa.Pettinelli@nowhere.com,ta9eyp6l,ya9tpl6e,aytpe9l6
redsan59,Redhouse,Santo,2043173458,Santo.Redhouse@nowhere.com,9ea5drsn,r9naeds5,daes59nr
baydel98,Bayot,Delpha,2053358243,Delpha.Bayot@nowhere.com,e98byald,l98dbaey,eadbly98
keufri95,Keup,Fritz,209428392,Fritz.Keup@nowhere.com,uri9fek5,er9kuf5i,9rfeku5i
morron19,Moran,Ronna,205455943,Ronna.Moran@nowhere.com,mn1or9ro,mo19rorn,r9oor1mn
scaelt89,Scaringe,Elton,202133509,Elton.Scaringe@nowhere.com,89catsel,8acset9l,etl9ac8s
yarcha98,Yarrell,Charla,207358619,Charla.Yarrell@nowhere.com,aycah98r,arc9ayh8,89yrhaac
ferlas43,Fertig,Lashell,207385087,Lashell.Fertig@nowhere.com,4alfse3r,ra3el4fs,l3s4frea
patver38,Patuto,Vernia,206692997,Vernia.Patuto@nowhere.com,vt8rae3p,aepv8tr3,pta8er3v
ernnia38,Ernzen,Nia,205962931,Nia.Ernzen@nowhere.com,nnear83i,i8e3narn,8nnear3i
grolav79,Grosh,Laveta,202478476,Laveta.Grosh@nowhere.com,9ao7rlgv,9go7alrv,7o9aglvr
bultra45,Bulmer,Tracy,2062683138,Tracy.Bulmer@nowhere.com,aub45ltr,t4bl5aru,5ulrb4at
popgre48,Popelka,Gregory,201190551,Gregory.Popelka@nowhere.com,eor8gp4p,ogpe84rp,p4pre8go
carard34,Caryl,Ardath,2038973611,Ardath.Caryl@nowhere.com,3arrca4d,a3rd4acr,43rarcda
rhodal66,Rhodes,Dallas,205853321,Dallas.Rhodes@nowhere.com,ola6rhd6,rhao6ld6,dhroa6l6
mccwyn92,Mccloude,Wynona,2066457541,Wynona.Mccloude@nowhere.com,yccnw9m2,c9wm2ycn,92nccmyw
whiger77,Whitesel,Gertude,207629250,Gertude.Whitesel@nowhere.com,iwgerh77,ghr77eiw,egrwh7i7
frepea49,Freniere,Pearlie,2098511268,Pearlie.Freniere@nowhere.com,efr9aep4,apfeer49,9e4efrpa
salcel37,Salaam,Celena,2074607287,Celena.Salaam@nowhere.com,sl7cel3a,lelsa73c,3l7casel
natalb97,Nathanson,Albertina,201623613,Albertina.Nathanson@nowhere.com,ntl97aab,aatnb9l7,tlb9an7a
mincas05,Minniefield,Casimira,205422677,Casimira.Minniefield@nowhere.com,,0s5amcin,icmas50n
ahldru22,Ahlborn,Drucilla,207001123,Drucilla.Ahlborn@nowhere.com,ah2ulr2d,ha2ludr2,ra2lh2du
tepant44,Tepler,Antonetta,208287309,Antonetta.Tepler@nowhere.com,n4te4pta,pat4t4ne,4natet4p
hinazu20,Hince,Azucena,2067617953,Azucena.Hince@nowhere.com,unhzia02,2zn0hiau,h2a0uniz
hagcar38,Haggstrom,Carley,2081917070,Carley.Haggstrom@nowhere.com,3hgcaar8,ra3c8ahg,8rg3chaa
capven02,Capuzzi,Vennie,2020921081,Vennie.Capuzzi@nowhere.com,ea2ncp0v,v2nepca0,peca2vn0
lebpri18,Lebeda,Priscila,2059713850,Priscila.Lebeda@nowhere.com,l8p1eirb,epir1l8b,pe1li8rb
latter02,Latterell,Terra,200735617,Terra.Latterell@nowhere.com,t2t0eral,l2a0etrt,at2lrt0e
hesdiv77,Hessel,Divina,2009982947,Divina.Hessel@nowhere.com,dvhes77i,evsh77id,7hiv7eds
murisa51,Murrow,Isabel,203427874,Isabel.Murrow@nowhere.com,sa1rium5,is5ru1am,muira51s
legmar56,Leggans,Maryln,206218231,Maryln.Leggans@nowhere.com,6m5garel,ermalg56,am6eglr5
kabhel22,Kababik,Helen,209755103,Helen.Kababik@nowhere.com,abk2lhe2,hblea22k,khlb22ae
oesele18,Oesterling,Eleanor,204030629,Eleanor.Oesterling@nowhere.com,el81eose,8e1soele,8oselee1
puccru21,Pucciarelli,Cruz,206922778,Cruz.Pucciarelli@nowhere.com,cu2pcur1,1cp2ruuc,cuu12rcp
mckton48,Mckell,Tony,2063787743,Tony.Mckell@nowhere.com,tncm84ok,n8kmoc4t,mc4knot8
bricha15,Brier,Charles,2053325087,Charles.Brier@nowhere.com,b15ihcar,bhcria51,5brhic1a
zelral19,Zelinski,Raleigh,2031281196,Raleigh.Zelinski@nowhere.com,ar9llz1e,,lleaz19r
tejlar76,Tejeiro,Larae,2017708442,Larae.Tejeiro@nowhere.com,a7letjr6,7jeltr6a,7jel6rta
hechuo36,Heckart,Huong,2075309524,Huong.Heckart@nowhere.com,eochuh63,h63ouche,c6ehuo3h
labmat54,Labove,Matha,208487791,Matha.Labove@nowhere.com,ml5taa4b,abaml5t4,5batmla4
howmic84,Howkins,Michal,2077484710,Michal.Howkins@nowhere.com,,w4iocm8h,8hmwioc4
wagjea09,Wagg,Jeane,202941584,Jeane.Wagg@nowhere.com,g90waaje,0wgejaa9,ewj0aag9
fignat79,Figeroa,Nathanael,202208687,Nathanael.Figeroa@nowhere.com,fgin97at,fan7t9ig,nita7gf9
linalt53,Linnan,Althea,2065741057,Althea.Linnan@nowhere.com,n5iall3t,l5alit3n,3t5lialn
meling96,Melve,Ingrid,2074393901,Ingrid.Melve@nowhere.com,9lnm6eig,egnli69m,i6l9egnm
musant60,Muscarello,Antonette,2096263527,Antonette.Muscarello@nowhere.com,tsu06man,t0umn6sa,tm6naus0
rotjea95,Rottinghaus,Jeannette,208857630,Jeannette.Rottinghaus@nowhere.com,era5jo9t,eo9r5jat,5jtera9o
visaug70,Viscome,Augustina,204111612,Augustina.Viscome@nowhere.com,gsu0a7iv,us70vaig,avsgiu07
bocleo27,Boccella,Leora,2010084217,Leora.Boccella@nowhere.com,o7bco2el,elbcoo72,7leoboc2
werran58,Wergin,Rana,206814731,Rana.Wergin@nowhere.com,5arrnwe8,rwe8rn5a,nr5we8ra
reudar21,Reutter,Darell,206498423,Darell.Reutter@nowhere.com,uarr12ed,2ar1dreu,2rdur1ae
faimad79,Faist,Madelene,202816202,Madelene.Faist@nowhere.com,aida9f7m,dimaa7f9,admi97fa
balren08,Balles,Renea,2048707765,Renea.Balles@nowhere.com,ralneb08,l0r8nabe,eal8nbr0
lehste66,Lehnhoff,Stephine,2066707203,Stephine.Lehnhoff@nowhere.com,ee66lths,h6els6te,66etlhse
halall16,Halbur,Allen,201907755,Allen.Halbur@nowhere.com,ll6hlaa1,lahlal16,lalhl16a
apever42,Apelian,Verlie,205125916,Verlie.Apelian@nowhere.com,ev24apre,evrp4ea2,ra4eve2p
pludan68,Plush,Danille,202314677,Danille.Plush@nowhere.com,apndu86l,uad6l8np,uad86lnp
jareth20,Jarchow,Etha,203965342,Etha.Jarchow@nowhere.com,h2rjat0e,trej20ha,e0ahj2tr
kleawi09,Kleekamp,Awilda,208529189,Awilda.Kleekamp@nowhere.com,09leawki,l0w9kiea,ilea0kw9
mcgber10,Mcgarry,Bernetta,2062345603,Bernetta.Mcgarry@nowhere.com,r0c1mgbe,rm0bgec1,me1r0cbg
juteme87,Jutte,Emeline,209032642,Emeline.Jutte@nowhere.com,tjem8u7e,ut8je7em,te7um8je
laimig51,Laich,Mignon,2051590082,Mignon.Laich@nowhere.com,5gml1aii,5igal1im,m1igail5
knoles91,Knowling,Lester,200531401,Lester.Knowling@nowhere.com,ln9skoe1,el9ns1ko,n19loeks
molbar25,Moldrem,Barb,2057258282,Barb.Moldrem@nowhere.com,bral2m5o,arolb5m2,oa2mrl5b
algeri20,Algien,Erin,2095795169,Erin.Algien@nowhere.com,eria2g0l,la0ir2ge,eari02gl
glamyr02,Glanzman,Myriam,200926127,Myriam.Glanzman@nowhere.com,2g0mrlay,ayrm2gl0,lygrm02a
conmar45,Connard,Marion,205976153,Marion.Connard@nowhere.com,5cr4naom,moc4ar5n,mno4acr5
agrjoh72,Agrawal,Johanna,207820352,Johanna.Agrawal@nowhere.com,,2roahgj7,ahg7r2oj
ilatif95,Ilardi,Tiffani,204492853,Tiffani.Ilardi@nowhere.com,tli5afi9,f9tiai5l,
hunmar03,Hunt,Maranda,2037223654,Maranda.Hunt@nowhere.com,3nhra0um,m30unrah,nah3ur0m
levsar56,Levitin,Sara,206059040,Sara.Levitin@nowhere.com,sle56arv,elavrs56,lvear6s5
shemal94,Shew,Malisa,208499991,Malisa.Shew@nowhere.com,9hml4eas,lsmea4h9,a4s9hlme
mundev33,Munce,Devona,206290692,Devona.Munce@nowhere.com,3uenv3dm,ev3mn3ud,3ndeu3vm
shecly64,Sheng,Clyde,2070465298,Clyde.Sheng@nowhere.com,y4slhce6,slhy4ec6,lyh4es6c
crogai57,Crowers,Gail,206584777,Gail.Crowers@nowhere.com,ciga7o5r,i7g5orca,gicr5o7a
lidngu15,Lide,Nguyet,2079112485,Nguyet.Lide@nowhere.com,idlg1n5u,dl15guni,5lidn1gu
treadr07,Treston,Adrian,209030606,Adrian.Treston@nowhere.com,7eratdr0,7rde0rat,red7r0at
