nikoli42,Nikaido,Oliver,200675522,Oliver.Nikaido@nowhere.com,n24loiik,k2ln4iio,2iknlio4
marmar57,Markwardt,Marco,205543178,Marco.Markwardt@nowhere.com,7m5mraar,m57rraam,rmar75ma
gumpeg38,Gumprecht,Peggie,209315655,Peggie.Gumprecht@nowhere.com,u8emg3gp,3gugpe8m,8p3guegm
lunaur36,Lund,Aurelia,2049307501,Aurelia.Lund@nowhere.com,au63runl,ulnau36r,l6ra3unu
kunlai84,Kunst,Laila,200759852,Laila.Kunst@nowhere.com,ua4in8lk,nai48lku,lnku4a8i
teegri45,Teed,Griselda,2052335277,Griselda.Teed@nowhere.com,egetr45i,r45tegie,er45tgie
waedie30,Waegner,Diedra,2051705872,Diedra.Waegner@nowhere.com,edi0ea3w,w3ida0ee,da03ieew
golyvo15,Golphin,Yvone,205321226,Yvone.Golphin@nowhere.com,o1yv5gol,5lgyvoo1,o5gvyol1
delmab00,Delosreyes,Mable,2048374172,Mable.Delosreyes@nowhere.com,bale00dm,0emabdl0,le0bda0m
sowcor14,Sowa,Corey,2058614069,Corey.Sowa@nowhere.com,1sroco4w,4rosoc1w,1srcow4o
rohann42,Rohlf,Anna,207024673,Anna.Rohlf@nowhere.com,4ornnah2,o24hnrna,on42rhan
cuzell15,Cuzzi,Elli,207365454,Elli.Cuzzi@nowhere.com,l51lzceu,lz5eluc1,lzcu1el5
capkim93,Capps,Kimiko,2036925215,Kimiko.Capps@nowhere.com,mi3pcka9,p39aimck,cai3pkm9
swabar69,Swaner,Barbie,2060254942,Barbie.Swaner@nowhere.com,sar6bw9a,6sr9abwa,6rbs9waa
gracri26,Graciano,Crista,2088342318,Crista.Graciano@nowhere.com,ia62grcr,crgr2a6i,6gari2rc
domfe538,Domnick,Fe,2014261654,Fe.Domnick@nowhere.com,5e8domf3,85oe3dfm,mfde853o
lefmar36,Lefebure,Margie,2065987933,Margie.Lefebure@nowhere.com,ar6feml3,3f6lream,r63emfla
witdom13,Wittkop,Dominick,2072876398,Dominick.Wittkop@nowhere.com,mdtio3w1,to3m1diw,owdi1m3t
rihsan39,Rihanek,Sandee,203012792,Sandee.Rihanek@nowhere.com,i3sanr9h,9hs3ainr,i39arshn
ricedn66,Riccio,Edna,2070727614,Edna.Riccio@nowhere.com,ri6de6cn,de6rni6c,incrde66
sorcar18,Sorells,Carie,207285863,Carie.Sorells@nowhere.com,8c1oarsr,rcrsoa81,8s1raorc
vingea76,Vintimilla,Gearldine,2077724114,Gearldine.Vintimilla@nowhere.com,avg7i6en,gnve7ai6,e67gnaiv
bodden16,Bodford,Deneen,2015919029,Deneen.Bodford@nowhere.com,dd6eo1nb,e1bod6nd,neo6dd1b
topflo05,Topps,Florinda,205111071,Florinda.Topps@nowhere.com,t05fpolo,o5t0folp,pftoo05l
fogmar04,Fogelson,Maria,2028372746,Maria.Fogelson@nowhere.com,m0a4rofg,af0gmo4r,frmo0ag4
fafjan77,Fafard,Janet,2021082161,Janet.Fafard@nowhere.com,j7faanf7,a7jfn7fa,7a7jfafn
remmar30,Remiasz,Marissa,2065504540,Marissa.Remiasz@nowhere.com,0amre3rm,0rm3amer,0remrm3a
bultim50,Bulman,Timothy,208912774,Timothy.Bulman@nowhere.com,b0mitl5u,mb05itlu,muiltb05
sticor43,Stivanson,Corinne,209643494,Corinne.Stivanson@nowhere.com,croi4ts3,sr4it3oc,r4oic3st
vererl00,Verduzco,Erline,2015273546,Erline.Verduzco@nowhere.com,everr00l,rer0v0el,erv0rl0e
sindia52,Sinkey,Diamond,2097459684,Diamond.Sinkey@nowhere.com,i52iadns,isi2n5ad,ais5dn2i
flacha23,Fladung,Charis,201142990,Charis.Fladung@nowhere.com,fc23hlaa,fachl3a2,cl3aa2fh
oksdeb28,Oksen,Debroah,2041870368,Debroah.Oksen@nowhere.com,bdes8k2o,8dseko2b,kso2edb8
brucle39,Brugler,Clementine,2085179811,Clementine.Brugler@nowhere.com,9rue3blc,bl93recu,uerc9bl3
henmel04,Henkin,Melodee,2053351117,Melodee.Henkin@nowhere.com,emn0hel4,ee4ml0hn,me40heln
colsha88,Colomy,Sharonda,201887576,Sharonda.Colomy@nowhere.com,8locahs8,h8saocl8,h8ocsl8a
lucshe26,Lucic,Sherly,2036079094,Sherly.Lucic@nowhere.com,ehcslu26,l2e6chsu,2hleuc6s
winlel58,Windland,Leland,207626718,Leland.Windland@nowhere.com,llniw58e,w5in8lel,wn8ll5ie
fenarl87,Fenix,Arlette,2002687012,Arlette.Fenix@nowhere.com,afel87nr,fenl8r7a,7e8lrnfa
derkim98,Derouchie,Kimberley,2097737925,Kimberley.Derouchie@nowhere.com,diek8r9m,mkdri89e,i9r8medk
belcor67,Belony,Cordell,2063769872,Cordell.Belony@nowhere.com,,7rclob6e,6b7ocelr
railac31,Raible,Laci,203992166,Laci.Raible@nowhere.com,ricaa31l,a1li3rac,1rla3aic
matjon82,Matherly,Jonathan,201035539,Jonathan.Matherly@nowhere.com,m8atjon2,moj2na8t,omjat28n
matluc71,Mathieson,Lucia,204430613,Lucia.Mathieson@nowhere.com,lca1m7ut,am7cu1tl,t7umacl1
hilluc94,Hilgendorf,Lucina,2036442056,Lucina.Hilgendorf@nowhere.com,4uc9hlil,chill4u9,lhulci94
golgly98,Golden,Glynda,208102743,Glynda.Golden@nowhere.com,lgygo9l8,ylolgg98,oy9gll8g
eymjol64,Eyman,Jolyn,209811455,Jolyn.Eyman@nowhere.com,6o4mleyj,6loj4eym,e4lmj6oy
helpal56,Helberg,Palmer,200223790,Palmer.Helberg@nowhere.com,ehpll56a,ae6hl5lp,pae5hl6l
jelmit60,Jeltema,Mitzi,207695986,Mitzi.Jeltema@nowhere.com,mjie0tl6,ie60tjlm,te06jiml
wreshe72,Wren,Sheree,2061624983,Sheree.Wren@nowhere.com,h2w7eesr,7wesehr2,es27erhw
maclyl26,Macconnell,Lyle,204948917,Lyle.Macconnell@nowhere.com,2ly6lacm,6lal2myc,alm2lcy6
elljan61,Elletson,Janie,2037765924,Janie.Elletson@nowhere.com,j1l6nale,l6elj1na,njlel1a6
repret68,Repp,Retha,2000147624,Retha.Repp@nowhere.com,e6trerp8,e8t6prre,per68rte
hemade93,Hemerly,Adeline,2036208061,Adeline.Hemerly@nowhere.com,9adhmee3,ed39ahme,mde9eh3a
mainik36,Maise,Nikia,201213182,Nikia.Maise@nowhere.com,3akni6im,miia3nk6,amk6i3in
ramthe80,Ramundo,Theo,204840331,Theo.Ramundo@nowhere.com,tmr0a8he,trmh08ae,8ah0mtre
yslcat53,Yslava,Cathrine,207916095,Cathrine.Yslava@nowhere.com,a5ycstl3,tly3csa5,lac53tys
bevpal73,Beverly,Palmer,206298610,Palmer.Beverly@nowhere.com,vpa37leb,al7b3vep,bveal73p
lindan75,Lindboe,Danial,200467939,Danial.Lindboe@nowhere.com,n5ld7nai,ld7ni5an,n7lida5n
sudjes40,Suddoth,Jesenia,2015293851,Jesenia.Suddoth@nowhere.com,sj0d4esu,s0due4js,4dusse0j
marsha10,Marotti,Sharmaine,206920147,Sharmaine.Marotti@nowhere.com,sr01haam,rmah0as1,s10amahr
moljan73,Molone,Janett,206723068,Janett.Molone@nowhere.com,ojlm37an,m73aonlj,no7jl3ma
krielv51,Krizan,Elvera,2095523570,Elvera.Krizan@nowhere.com,i1klvre5,vei5klr1,rvik51le
camviv05,Camferdam,Vivan,204737907,Vivan.Camferdam@nowhere.com,ima0vvc5,v5v0iacm,caim0v5v
undhat32,Underkofler,Hattie,2099969226,Hattie.Underkofler@nowhere.com,3uhadnt2,dt2hnua3,nth32uad
winmar27,Winchester,Marcella,2079456103,Marcella.Winchester@nowhere.com,rai27wmn,nmr2wai7,2in7mrwa
gadlar68,Gaddis,Larisa,201223404,Larisa.Gaddis@nowhere.com,grlda68a,68adrlag,8lrag6da
chilat79,Childs,Laticia,2037797582,Laticia.Childs@nowhere.com,a7ticlh9,hil97tac,cta9i7lh
posfid20,Postell,Fidel,2069397055,Fidel.Postell@nowhere.com,io0f2dps,i0d2fosp,po0dfsi2
mincec67,Minteer,Cecily,2056682140,Cecily.Minteer@nowhere.com,ccn6iem7,nmec67ci,nmciec67
monell32,Monteforte,Ellamae,2067314344,Ellamae.Monteforte@nowhere.com,lm23onel,onlel23m,nlm3o2el
rargio05,Rarey,Giovanna,207629147,Giovanna.Rarey@nowhere.com,rrigao05,i0orrg5a,rgoa0i5r
dremag54,Dreggs,Magdalena,2097514555,Magdalena.Dreggs@nowhere.com,ma45rdge,agmde5r4,deg4rma5
roddon18,Rodenbough,Dong,2017623127,Dong.Rodenbough@nowhere.com,8drnoo1d,dod8o1nr,dr8ndo1o
khahal78,Khaleck,Halley,2054622653,Halley.Khaleck@nowhere.com,8khh7laa,akh8hal7,l8ah7kha
sojleo21,Sojda,Leona,2073677958,Leona.Sojda@nowhere.com,oloj2s1e,jo1eols2,o2ojs1le
rabben52,Raboin,Benita,207413209,Benita.Raboin@nowhere.com,25ebabnr,nbar2be5,earnbb25
rawsha40,Rawhouser,Shawn,200948687,Shawn.Rawhouser@nowhere.com,hsw40raa,rhasw40a,ara0h4sw
drocyn76,Drouin,Cyndy,2020157121,Cyndy.Drouin@nowhere.com,7drncoy6,7ordcny6,6rnoydc7
priemm66,Primrose,Emmaline,2059748570,Emmaline.Primrose@nowhere.com,rp6imme6,6imrpe6m,eip66mrm
taltre51,Talluto,Treena,2009274407,Treena.Talluto@nowhere.com,el5att1r,re1tlat5,ta5l1rte
tohdal18,Tohonnie,Dalia,2090072531,Dalia.Tohonnie@nowhere.com,d1tl8hoa,81adthol,8h1odlta
wimned14,Wimbley,Ned,2000520097,Ned.Wimbley@nowhere.com,dmni1ew4,in1dew4m,n4ei1mwd
sabvel59,Sabia,Velvet,205933165,Velvet.Sabia@nowhere.com,,l5e9asvb,ae5vbsl9
shephu91,Sherbo,Phung,208981426,Phung.Sherbo@nowhere.com,1s9puehh,9s1uephh,1shup9he
rieken53,Rielly,Kenna,204860904,Kenna.Rielly@nowhere.com,ne5ei3kr,53eeknri,ee5i3rkn
morobd90,Morena,Obdulia,2062587462,Obdulia.Morena@nowhere.com,0orbd9om,rob0dom9,odorm0b9
oligem87,Olin,Gema,205148560,Gema.Olin@nowhere.com,oemg8li7,78mielgo,gli7om8e
parash54,Pardue,Ashley,207998607,Ashley.Pardue@nowhere.com,45arhpsa,4shaa5pr,aa5shr4p
novjul04,Novas,Julia,204346308,Julia.Novas@nowhere.com,no0l4juv,l4ujvo0n,o4ljvu0n
heisud36,Heinly,Sudie,206880247,Sudie.Heinly@nowhere.com,6u3esidh,e6uhdis3,udsie36h
cafder18,Caflisch,Derek,200026309,Derek.Caflisch@nowhere.com,r1fcd8ea,c8e1rdaf,fdr18eac
naleme52,Nalley,Emelia,2084482510,Emelia.Nalley@nowhere.com,le52enam,al2eem5n,maene25l
berchr93,Bergouignan,Chris,2033176431,Chris.Bergouignan@nowhere.com,,cberh9r3,9ecbh3rr
tumoph56,Tumbleson,Ophelia,2056616709,Ophelia.Tumbleson@nowhere.com,pu5t6hmo,ot6u5hmp,65phmotu
ausmer50,Aus,Merrilee,2003076792,Merrilee.Aus@nowhere.com,e5asm0ru,ru0asm5e,usm0r5ea
maxmay26,Maxberry,Mayola,202207951,Mayola.Maxberry@nowhere.com,a6xmay2m,2maxmay6,m2m6aaxy
ziggre64,Zigler,Gregory,2035306365,Gregory.Zigler@nowhere.com,g6zirge4,geg4zir6,64erzigg
eweell34,Ewen,Elliott,2059944804,Elliott.Ewen@nowhere.com,e3leelw4,eel3e4lw,lle3e4ew
koetis51,Koepsel,Tisa,2094778269,Tisa.Koepsel@nowhere.com,eos15kti,5steiok1,e5isot1k
sinloy13,Sinning,Loyce,2038774670,Loyce.Sinning@nowhere.com,oy1sn3il,sy13lino,ylisn31o
mallou55,Malich,Louie,200133673,Louie.Malich@nowhere.com,lol5au5m,la5mou5l,l5ml5uao
axmadr85,Axman,Adrian,2075783165,Adrian.Axman@nowhere.com,da8mar5x,xdar85ma,raxa8d5m
rigbar76,Riggle,Barton,2050557344,Barton.Riggle@nowhere.com,agi7r6rb,7r6agibr,arib7r6g
adjmag18,Adjutant,Magdalena,201415137,Magdalena.Adjutant@nowhere.com,18aajdmg,18damjag,gajmad81
arzfre87,Arzo,Fredrick,208300299,Fredrick.Arzo@nowhere.com,fr8zr7ea,7r8raezf,8zfrer7a
jabher33,Jablon,Herminia,202644819,Herminia.Jablon@nowhere.com,33ejrbah,abej3r3h,ajberh33
unocar98,Uno,Carlene,203083669,Carlene.Uno@nowhere.com,cuoan89r,arocnu89,con89ura
frafab42,Frabizzio,Fabian,2076311144,Fabian.Frabizzio@nowhere.com,f2arb4af,r4fab2fa,bfra24fa
carken43,Carland,Kena,203585692,Kena.Carland@nowhere.com,cerna3k4,c4k3raen,34craekn
staros20,Starkweather,Rosalina,203305281,Rosalina.Starkweather@nowhere.com,t2sosra0,t0s2oasr,a0tosr2s
ailcha54,Ailts,Charlena,2044374177,Charlena.Ailts@nowhere.com,4cl5ahai,l5iaah4c,aic5alh4
strtis00,Struiksma,Tisha,2044317553,Tisha.Struiksma@nowhere.com,ri00tsts,sttrsi00,0isstr0t
hatten72,Hatchett,Tennille,2045536497,Tennille.Hatchett@nowhere.com,2tne7aht,thn7e2ta,t2ht7ane
swakat72,Swainston,Katelyn,2054347146,Katelyn.Swainston@nowhere.com,7kt2wasa,stka2a7w,27skaawt
nolsta41,Nolin,Stacie,2071556127,Stacie.Nolin@nowhere.com,tnsalo41,nts4lo1a,4stoln1a
burter46,Burgner,Terri,2099765733,Terri.Burgner@nowhere.com,r64trebu,6ruer4bt,46erubrt
rupmar76,Rupar,Marilyn,2007021085,Marilyn.Rupar@nowhere.com,rmapru76,raum7p6r,arrump67
greroc05,Greenawalt,Rochell,208057618,Rochell.Greenawalt@nowhere.com,gecrr50o,e5cr0gor,0oc5ergr
walsop70,Wallaker,Sophia,2043082368,Sophia.Wallaker@nowhere.com,7sapw0ol,7w0laosp,p7osaw0l
wensol39,Wenzell,Sol,2081683853,Sol.Wenzell@nowhere.com,39nlweos,nw9elso3,owes9nl3
deccla10,Decato,Clark,209959775,Clark.Decato@nowhere.com,dca01ecl,d0elcca1,0c1adcel
telbai42,Tellado,Bailey,204267387,Bailey.Tellado@nowhere.com,ia42eltb,4t2eibal,4el2bita
imbjoh22,Imbert,Johnette,202723218,Johnette.Imbert@nowhere.com,o22hbimj,ib2homj2,hjo2ibm2
marmer04,Marlene,Merideth,205075778,Merideth.Marlene@nowhere.com,4ermrm0a,40mmarer,rem4mra0
holjon87,Hollobaugh,Jona,2093545187,Jona.Hollobaugh@nowhere.com,8h7olojn,onho7l8j,o8johnl7
fazdon41,Fazzino,Donovan,203932654,Donovan.Fazzino@nowhere.com,oafd41nz,o4fnzad1,d14ofnaz
griman30,Grierson,Manie,206159160,Manie.Grierson@nowhere.com,r3mang0i,3rmiga0n,ar30nimg
kacsha75,Kacerski,Shante,205753171,Shante.Kacerski@nowhere.com,k5c7ahsa,askach75,k75aacsh
brujet89,Brunson,Jetta,209659335,Jetta.Brunson@nowhere.com,jtrub89e,ube89rjt,98ubjret
dispen03,Diskind,Penny,207584534,Penny.Diskind@nowhere.com,epds0ni3,0sin3epd,p3esd0ni
goalou02,Goatley,Lourie,202303003,Lourie.Goatley@nowhere.com,guol0oa2,0gao2lou,u2go0ola
rivcla46,Rivord,Clarice,2049902867,Clarice.Rivord@nowhere.com,lrvc4i6a,4crivla6,a6v4clir
bagedm77,Bagley,Edmund,2095647244,Edmund.Bagley@nowhere.com,gadb7e7m,7dae7gmb,dbm7e7ag
dorlee22,Dorce,Leeanne,209995352,Leeanne.Dorce@nowhere.com,oederl22,dor2eel2,rle2oe2d
jencel60,Jenab,Celia,208925973,Celia.Jenab@nowhere.com,le6jcn0e,6lee0cnj,j0neec6l
dordar69,Dorst,Darnell,2090942494,Darnell.Dorst@nowhere.com,do96rrad,9ddor6ra,rd96odra
walsun74,Waltzer,Sun,2005752816,Sun.Waltzer@nowhere.com,asun47wl,aw7u4snl,u7n4lwas
mezver55,Mezquita,Vernie,2013910099,Vernie.Mezquita@nowhere.com,r55evezm,m5vz5ere,e55evzrm
podcha43,Pode,Chanel,207636797,Chanel.Pode@nowhere.com,dpcoh4a3,4pc3hoda,4dcoa3ph
chited86,Chicas,Ted,201839141,Ted.Chicas@nowhere.com,e68ihtcd,hdc6ite8,ie6cdt8h
decgol18,Decoteau,Golda,2056870899,Golda.Decoteau@nowhere.com,d1ec8lgo,ed1lcog8,1cldgo8e
mackie99,Macnab,Kieth,2076696361,Kieth.Macnab@nowhere.com,ekm9a9ci,iekmc99a,ci99aekm
holton99,Hollyfield,Tona,204507699,Tona.Hollyfield@nowhere.com,h9ltoon9,h9ton9ol,to9ohn9l
glevel40,Gleber,Vella,208943196,Vella.Gleber@nowhere.com,lvee4lg0,gele4v0l,llee0v4g
kuzcha94,Kuzia,Charissa,2062706236,Charissa.Kuzia@nowhere.com,khazu49c,c9kua4hz,9hcuka4z
tatran32,Tate,Randolph,207763344,Randolph.Tate@nowhere.com,2n3raatt,aatrn3t2,tn3r2aat
sansof96,Sankoh,Sofia,2000319846,Sofia.Sankoh@nowhere.com,9nsafso6,6nofsa9s,f96snoas
ehrgin12,Ehrlich,Ginette,202950714,Ginette.Ehrlich@nowhere.com,rg12nihe,2negir1h,h1gin2er
figrut86,Figley,Ruthie,207526510,Ruthie.Figley@nowhere.com,f6rtig8u,fgti6ur8,6tgiur8f
bucmer65,Bucklin,Meryl,201164596,Meryl.Bucklin@nowhere.com,reu6m5cb,rc5ueb6m,ebucmr65
lazlin73,Lazor,Lindsy,2041495828,Lindsy.Lazor@nowhere.com,a3zl7nli,7nllazi3,7l3iazln
