taymar43,Taylor,Marcus,Marcus.Taylor@nowhere.com
whibri67,White,Brian,Brian.White@nowhere.com
glemig17,Glenn,Miguel,Miguel.Glenn@nowhere.com
lewshe95,Lewis,Sheri,Sheri.Lewis@nowhere.com
hortod06,Horton,Todd,Todd.Horton@nowhere.com
brocat39,Brown,Catherine,Catherine.Brown@nowhere.com
mitale38,Mitchell,Alexis,Alexis.Mitchell@nowhere.com
barvic85,Barr,Victoria,Victoria.Barr@nowhere.com
milchr60,Mills,Christine,Christine.Mills@nowhere.com
