doukir17,Douglas,Kirk,Kirk.Douglas@nowhere.com
bowsha42,Bowman,Shane,Shane.Bowman@nowhere.com
rayspe92,Ray,Spencer,Spencer.Ray@nowhere.com
hanmar33,Hanson,Martin,Martin.Hanson@nowhere.com
roseva10,Ross,Evan,Evan.Ross@nowhere.com
ortmat48,Ortega,Matthew,Matthew.Ortega@nowhere.com
knakev25,Knapp,Kevin,Kevin.Knapp@nowhere.com
pitjoh38,Pittman,John,John.Pittman@nowhere.com
roddes43,Rodriguez,Desiree,Desiree.Rodriguez@nowhere.com
jonlau36,Jones,Laura,Laura.Jones@nowhere.com
benmic94,Benjamin,Michael,Michael.Benjamin@nowhere.com
figjes96,Figueroa,Jessica,Jessica.Figueroa@nowhere.com
jenmar40,Jenkins,Mary,Mary.Jenkins@nowhere.com
garash77,Garrett,Ashley,Ashley.Garrett@nowhere.com
sanbre56,Sanchez,Brenda,Brenda.Sanchez@nowhere.com
