thochr06,Thomas,Christopher,Christopher.Thomas@nowhere.com
wiljen80,Wiley,Jenny,Jenny.Wiley@nowhere.com
evadan24,Evans,Daniel,Daniel.Evans@nowhere.com
andamb05,Anderson,Amber,Amber.Anderson@nowhere.com
coxpau60,Cox,Paul,Paul.Cox@nowhere.com
chamat83,Chan,Matthew,Matthew.Chan@nowhere.com
cunmic17,Cunningham,Michael,Michael.Cunningham@nowhere.com
rodpau94,Rodgers,Paul,Paul.Rodgers@nowhere.com
walnic87,Walker,Nicole,Nicole.Walker@nowhere.com
wesjos66,West,Joseph,Joseph.West@nowhere.com
reybra46,Reynolds,Bradley,Bradley.Reynolds@nowhere.com
savbar95,Savage,Barbara,Barbara.Savage@nowhere.com
petsco02,Petty,Scott,Scott.Petty@nowhere.com
lopnan01,Lopez,Nancy,Nancy.Lopez@nowhere.com
menmel07,Mendez,Melissa,Melissa.Mendez@nowhere.com
warmat45,Warren,Matthew,Matthew.Warren@nowhere.com
harcar87,Hartman,Carlos,Carlos.Hartman@nowhere.com
burwhi43,Burke,Whitney,Whitney.Burke@nowhere.com
casdan82,Castro,Dana,Dana.Castro@nowhere.com
huycra92,Huynh,Craig,Craig.Huynh@nowhere.com
vazwil67,Vazquez,William,William.Vazquez@nowhere.com
pheeli03,Phelps,Elizabeth,Elizabeth.Phelps@nowhere.com
