brelyn63,Breakfield,Lyndsay,2052180383,Lyndsay.Breakfield@nowhere.com,ey6r3lbn,36yrlbne,3lbnye6r
lafjud29,Laforte,Judy,202715694,Judy.Laforte@nowhere.com,9l2juafd,jfal92du,jfadul29
howgar67,Howlingwolf,Garnet,2006193156,Garnet.Howlingwolf@nowhere.com,w7r6agho,or76ghwa,ag7orwh6
finche57,Finkenbiner,Cheyenne,2043311247,Cheyenne.Finkenbiner@nowhere.com,nih7fe5c,n75cehif,e7cin5hf
dealas66,Deal,Lashanda,206014246,Lashanda.Deal@nowhere.com,ada66sel,lad6s6ae,edal66as
wingeo55,Winesickle,Georgeann,200908138,Georgeann.Winesickle@nowhere.com,ieonw5g5,55enowgi,ogwin5e5
berver62,Beres,Veronique,209510212,Veronique.Beres@nowhere.com,2vrr6bee,,eerrv26b
schabr40,Schwingel,Abraham,2099061414,Abraham.Schwingel@nowhere.com,hr4ba0sc,4ca0brhs,hrcab04s
hancha12,Handcock,Chana,205198930,Chana.Handcock@nowhere.com,aha2h1nc,hnca12ah,ca2nhh1a
halmel70,Halt,Melynda,206924895,Melynda.Halt@nowhere.com,e0la7hml,lahe0ml7,a7e0mlhl
crolau02,Crowthers,Lauren,203108623,Lauren.Crowthers@nowhere.com,oc0r2ula,l0c2uaor,c2ru0oal
prejer69,Preble,Jerrod,202829308,Jerrod.Preble@nowhere.com,9rpr6eje,6j9rpree,rpjeer69
raield81,Raimer,Eldridge,200410986,Eldridge.Raimer@nowhere.com,8ilrade1,ld8re1ai,ia1le8dr
marcha18,Maryland,Charley,2042259829,Charley.Maryland@nowhere.com,ram8ca1h,ar8mah1c,1acarhm8
figchr55,Figueron,Christeen,2004389942,Christeen.Figueron@nowhere.com,c5r5fgih,icgh55rf,hgif55rc
laiber27,Lain,Bernie,204609092,Bernie.Lain@nowhere.com,2libae7r,l2aebir7,b2al7ier
sprchr13,Sprock,Christel,2003250967,Christel.Sprock@nowhere.com,hprc31sr,3rhcsrp1,phc3r1sr
rosmar63,Roskowinski,Marlon,202616669,Marlon.Roskowinski@nowhere.com,rraso6m3,orsa3mr6,3oms6rra
molces56,Molinary,Cesar,2069282686,Cesar.Molinary@nowhere.com,,els6mc5o,cemlos65
marrol08,Marien,Rolland,2054668448,Rolland.Marien@nowhere.com,mlaor08r,rar0lom8,malror80
kowbra29,Kowalchick,Bradly,209298970,Bradly.Kowalchick@nowhere.com,2b9wokra,wba2kro9,bka2o9wr
resdom10,Resch,Domenica,208717237,Domenica.Resch@nowhere.com,e0or1dms,1edoms0r,1dro0mes
manlat83,Mansir,Latina,208167207,Latina.Mansir@nowhere.com,atm3aln8,nma3alt8,aa83tnml
bactri91,Backhuus,Tricia,2034121992,Tricia.Backhuus@nowhere.com,9cabtri1,brt1cai9,c9itb1ra
storoc28,Stoecker,Rocco,2096550879,Rocco.Stoecker@nowhere.com,orcto2s8,cor8sot2,co28otrs
lucle988,Lu,Clement,206377269,Clement.Lu@nowhere.com,lluce889,euc9l8l8,88ucl9le
kaljan93,Kallstrom,Jan,2044058614,Jan.Kallstrom@nowhere.com,njla93ka,ank9j3al,jlkaa9n3
durnol36,Durnil,Nolan,202293150,Nolan.Durnil@nowhere.com,6undrol3,n36ruldo,6orud3nl
reccar88,Recio,Carmon,2076235841,Carmon.Recio@nowhere.com,r8eacr8c,eca8rcr8,a8cerrc8
diales52,Diangelo,Lesa,204236582,Lesa.Diangelo@nowhere.com,5ias2lde,de5aisl2,2eisdla5
dubjan64,Dubree,Janessa,2097943198,Janessa.Dubree@nowhere.com,udjban46,ad6nbuj4,uj46bnad
grearc80,Greenwall,Arcelia,2035405755,Arcelia.Greenwall@nowhere.com,grc0a8re,g8are0cr,arcgr80e
haiest42,Haims,Estela,2043393932,Estela.Haims@nowhere.com,se4at2hi,eis42tah,iht2s4ae
dellat36,Delee,Latoria,202797535,Latoria.Delee@nowhere.com,e36altld,dae3lt6l,3tlld6ae
brajud66,Brah,Jude,2099283519,Jude.Brah@nowhere.com,6rda6ubj,rudbj6a6,dujra6b6
tamsal66,Tamminen,Sallie,204187443,Sallie.Tamminen@nowhere.com,aast6lm6,m66saatl,s6lta6ma
derlev52,Dergance,Levi,202096834,Levi.Dergance@nowhere.com,2rele5vd,revld25e,5dv2leer
desher70,Deserres,Herbert,2093220947,Herbert.Deserres@nowhere.com,rese70dh,7hedrse0,0redsh7e
hoecri33,Hoeller,Cris,202028312,Cris.Hoeller@nowhere.com,eoirch33,c3orihe3,r33iohec
zercar74,Zerko,Carma,207405620,Carma.Zerko@nowhere.com,7arr4zce,cer7z4ar,a7zr4cre
petell97,Petrovits,Ellsworth,2003854605,Ellsworth.Petrovits@nowhere.com,lte7l9ep,tle7e9pl,eepl7l9t
bonsav08,Boness,Savannah,2068188923,Savannah.Boness@nowhere.com,0sban8ov,bnsv0o8a,8aosnb0v
newlib67,Newsham,Liberty,2082967465,Liberty.Newsham@nowhere.com,7iwel6nb,leni67bw,bln76wei
quayos41,Quashnock,Yoshiko,206105844,Yoshiko.Quashnock@nowhere.com,a14uoysq,ya1oqsu4,qa1o4usy
reidew26,Reidinger,Dewey,206184020,Dewey.Reidinger@nowhere.com,iwe6r2de,ie2ew6dr,ide6rwe2
donbeb38,Donerson,Bebe,2016286392,Bebe.Donerson@nowhere.com,3onbb8ed,b3eo8nbd,d8n3bobe
einver21,Einck,Verda,204333283,Verda.Einck@nowhere.com,1eervi2n,ene1vi2r,1ree2vin
mcbgra26,Mcbean,Graham,2035470093,Graham.Mcbean@nowhere.com,2garcb6m,6m2bacgr,cr2m6bga
ostsan65,Osterhaut,Sanjuana,2016515940,Sanjuana.Osterhaut@nowhere.com,ao5s6stn,on5as6st,sstoan65
fullat00,Fullbright,Latrina,2004358624,Latrina.Fullbright@nowhere.com,0faltl0u,0a0tflul,0afll0ut
roujul15,Rounsaville,Julene,200241663,Julene.Rounsaville@nowhere.com,,ujou5l1r,u1u5jrol
pevjun20,Pevy,Junita,2020305797,Junita.Pevy@nowhere.com,jnv02eup,0euvp2nj,pe2vn0uj
frulen49,Fruin,Lena,206123158,Lena.Fruin@nowhere.com,ruelnf94,4luf9ner,fu49nrel
precor47,Pressman,Cortney,205467811,Cortney.Pressman@nowhere.com,p7ocrr4e,4re7orcp,47corrpe
lapbet41,Lapsley,Bettyann,2069932750,Bettyann.Lapsley@nowhere.com,tl1b4pea,tlbpae41,elb41pat
kitlau90,Kittelman,Launa,206449079,Launa.Kittelman@nowhere.com,liukt09a,i9k0alut,i0tl9auk
rhudar71,Rhue,Darnell,2003300622,Darnell.Rhue@nowhere.com,rhrud71a,har7dru1,u1hrdr7a
baremi39,Barbrick,Emilie,2023492573,Emilie.Barbrick@nowhere.com,rm93aebi,eim93arb,mer93bia
brole734,Broderick,Le,2024120608,Le.Broderick@nowhere.com,b7ol4r3e,7bo4l3er,43rbeo7l
purhan82,Purviance,Hang,201976257,Hang.Purviance@nowhere.com,a8pn2uhr,rua2nhp8,hrap8un2
buhrob21,Buhl,Robbin,2082121253,Robbin.Buhl@nowhere.com,u1rb2bho,1o2bhrub,brbuh21o
ohaala39,Ohagan,Alanna,2090760486,Alanna.Ohagan@nowhere.com,3aahola9,aalo3ha9,al9aah3o
melchi74,Meler,Chi,2074322565,Chi.Meler@nowhere.com,7hcme4il,lm74cieh,h7mciel4
osiher22,Osisek,Hertha,2049049997,Hertha.Osisek@nowhere.com,ehs2o2ir,h2s2erio,o2s2rihe
menzon00,Menghini,Zonia,2024041263,Zonia.Menghini@nowhere.com,e0onn0zm,0ozem0nn,o0m0znne
wesdev30,Wesely,Devona,201123540,Devona.Wesely@nowhere.com,wd3se0ev,sevwde03,de30evsw
simson00,Simser,Sonia,205748091,Sonia.Simser@nowhere.com,0nss0moi,0m0isson,ms0sn0io
kiljua90,Killean,Juana,2025049652,Juana.Killean@nowhere.com,ujkai09l,jk9auli0,i0uj9lka
blalou67,Blackbum,Loura,2047181847,Loura.Blackbum@nowhere.com,6blolu7a,b76loaul,uloa7lb6
yunreg07,Yun,Regan,2081792116,Regan.Yun@nowhere.com,yr7egn0u,n0gueyr7,r0uyneg7
buelee18,Buechler,Leesa,209159443,Leesa.Buechler@nowhere.com,eelu1b8e,ebu8e1le,le1eu8eb
hanade25,Hanible,Adell,2075389310,Adell.Hanible@nowhere.com,ae2dnha5,dne2aa5h,2hnadea5
mallou91,Maleck,Louanne,204339941,Louanne.Maleck@nowhere.com,olma9lu1,uollm91a,ull19mao
abushe37,Abundiz,Sherita,206215045,Sherita.Abundiz@nowhere.com,sh3eu7ab,3b7hueas,7hu3aseb
bagjol15,Baggesen,Jolene,2035706705,Jolene.Baggesen@nowhere.com,o5bja1gl,lb1ago5j,ajlobg51
wooluc63,Woodert,Lucia,2007661483,Lucia.Woodert@nowhere.com,o6u3olcw,clo6uw3o,wl3uooc6
wieron01,Wied,Ronald,2075752412,Ronald.Wied@nowhere.com,weoi1n0r,wo1nr0ie,i01ornwe
dinedw77,Dinius,Edward,203659225,Edward.Dinius@nowhere.com,7ndwe7id,dd7wei7n,wde7n7di
roslei62,Rosacker,Leilani,2005778069,Leilani.Rosacker@nowhere.com,eirol26s,o2r6lesi,erlos26i
blotob37,Bloemer,Toby,2002735039,Toby.Bloemer@nowhere.com,b7ot3olb,3to7bobl,btloo7b3
meslau11,Mesch,Lauryn,208791967,Lauryn.Mesch@nowhere.com,1lmuesa1,u1al1sme,u1saml1e
blukar07,Blunden,Karrie,2083852109,Karrie.Blunden@nowhere.com,ka0rulb7,a70lrkbu,0ul7arbk
crolot63,Cronin,Lottie,201437464,Lottie.Cronin@nowhere.com,ootlc63r,lortc3o6,o6torc3l
croeme65,Crosby,Emelina,2029996616,Emelina.Crosby@nowhere.com,5ceroem6,65ceremo,cr5ee6mo
staroz63,Staub,Rozella,204718936,Rozella.Staub@nowhere.com,rtoz6as3,6osta3rz,tz3oasr6
serkee47,Serre,Keely,2095488607,Keely.Serre@nowhere.com,ees47ekr,eerk74se,eeker47s
biovio94,Biondo,Violet,2032259669,Violet.Biondo@nowhere.com,v4boi9oi,oiio4b9v,oivi4bo9
luocon59,Luo,Conchita,2096288961,Conchita.Luo@nowhere.com,cu9o5lon,c59ouoln,9lcuon5o
brimad89,Britto,Madelaine,203848391,Madelaine.Britto@nowhere.com,8drma9ib,9a8mrbid,9mbdari8
zelgus29,Zella,Gustavo,2016246662,Gustavo.Zella@nowhere.com,uzsegl29,ze92gusl,sze9gl2u
schali74,Schaffter,Aline,209422088,Aline.Schaffter@nowhere.com,l4siac7h,i7ha4scl,s7c4iahl
vansha05,Vanpelt,Shalon,2024243068,Shalon.Vanpelt@nowhere.com,5v0hsana,anh5as0v,a0havn5s
lynsea33,Lynskey,Sean,207789937,Sean.Lynskey@nowhere.com,eas33ynl,3aen3syl,l3y3snea
leipam20,Leisenring,Pamila,2044135617,Pamila.Leisenring@nowhere.com,i0epmla2,mpial20e,2ml0eaip
whiest80,Whirley,Estella,2011389402,Estella.Whirley@nowhere.com,thie0s8w,eiwh8st0,it8s0ehw
mcnvin91,Mcnair,Vina,208124963,Vina.Mcnair@nowhere.com,cnmivn19,ci1n9vnm,91cnvnim
tidchr64,Tidrington,Christina,201400226,Christina.Tidrington@nowhere.com,crdit46h,4it6crdh,h4icr6dt
gredew44,Gress,Dewitt,2090580681,Dewitt.Gress@nowhere.com,d44weerg,g4werde4,grde4w4e
knosel00,Knoy,Selena,2093769603,Selena.Knoy@nowhere.com,n0ksel0o,ekons00l,knes00lo
adajul70,Adamski,Julianna,208737622,Julianna.Adamski@nowhere.com,7j0ludaa,a0ud7alj,ldaaj07u
paobar43,Paoletto,Barbar,201575456,Barbar.Paoletto@nowhere.com,43pbaroa,aaro4pb3,aobar3p4
heneli46,Henrickson,Elise,202738912,Elise.Henrickson@nowhere.com,n6he4iel,e64heinl,enlh4ei6
karmec89,Karpf,Mechelle,2041471908,Mechelle.Karpf@nowhere.com,e98amkcr,me9kcr8a,mk9a8rce
armpar05,Armistead,Paris,201524727,Paris.Armistead@nowhere.com,0pr5rama,mrr0pa5a,r5a0mpra
odoche13,Odoms,Cherryl,204263611,Cherryl.Odoms@nowhere.com,coh1o3ed,o13ocdeh,doc13eho
neuvi720,Neuenswander,Vi,2053734687,Vi.Neuenswander@nowhere.com,eiv70n2u,,evnu702i
lamlat89,Lamoree,Latrice,201844739,Latrice.Lamoree@nowhere.com,8al9atlm,aat9ml8l,mla89lta
ludmic87,Luderman,Michaele,207104446,Michaele.Luderman@nowhere.com,mcl7diu8,l7dicum8,8lducm7i
cromar48,Croney,Marcos,2067090539,Marcos.Croney@nowhere.com,mocr8ar4,r8coa4mr,8am4rroc
yuejoh01,Yuen,Johnie,200749211,Johnie.Yuen@nowhere.com,yuo0e1jh,uoje01hy,ehuo01jy
hubmar84,Hubby,Marybelle,201783642,Marybelle.Hubby@nowhere.com,ahrub8m4,rhbm48ua,mu4bhar8
besran90,Beshero,Randi,201682021,Randi.Beshero@nowhere.com,n0rba9es,brs0e9an,r9ebas0n
souarr02,Soucek,Arron,202016576,Arron.Soucek@nowhere.com,sraou20r,urrso0a2,so0rru2a
stadin28,Staten,Dina,207371588,Dina.Staten@nowhere.com,dtain28s,ndaist82,8da2isnt
thoang66,Thomley,Angelo,200831007,Angelo.Thomley@nowhere.com,goh6an6t,a6htn6go,hagto66n
keasha71,Keanu,Sharee,208576252,Sharee.Keanu@nowhere.com,e7a1akhs,k1saah7e,ka1esh7a
hoscha00,Hoschek,Chantel,208930001,Chantel.Hoschek@nowhere.com,h0chos0a,0cohhas0,0oasc0hh
climit54,Cliffe,Mitsue,200061142,Mitsue.Cliffe@nowhere.com,ici5tlm4,icm5li4t,mi4cit5l
longer52,Longfield,Gerry,204867714,Gerry.Longfield@nowhere.com,eolgn52r,gno2l5er,glnor5e2
lormad17,Loreaux,Madeleine,2017083177,Madeleine.Loreaux@nowhere.com,ldaom17r,ldma1r7o,ld7r1aom
clanum63,Clay,Numbers,208801556,Numbers.Clay@nowhere.com,6nmlu3ac,c6ma3lun,36lcamnu
cloode65,Clower,Odelia,2072573228,Odelia.Clower@nowhere.com,o6co5del,dool6ec5,d5loe6oc
buston08,Buscarino,Tonja,207830029,Tonja.Buscarino@nowhere.com,8bnuos0t,u0ob8tsn,
vigkee65,Vigilante,Keena,2095725084,Keena.Vigilante@nowhere.com,5vigkee6,egke6iv5,6vkg5iee
pencas48,Pencak,Cassey,2096606399,Cassey.Pencak@nowhere.com,sea48ncp,c4e8sanp,sn4a8ecp
maylor60,Mayrant,Loria,200625736,Loria.Mayrant@nowhere.com,0r6lymao,o6lramy0,r6yol0ma
perbre18,Perlin,Brett,2051588048,Brett.Perlin@nowhere.com,ep8r1ebr,e8berp1r,r18bpeer
densad06,Denno,Sadye,201752803,Sadye.Denno@nowhere.com,dadns0e6,das6ned0,6sed0dan
balluc10,Balle,Lucio,2096343436,Lucio.Balle@nowhere.com,au0b1cll,la01bluc,caul1lb0
falcla36,Falley,Clarine,2075560229,Clarine.Falley@nowhere.com,cl6la3fa,f3ll6caa,alaf6cl3
sanmir97,Santagata,Mirella,2067105726,Mirella.Santagata@nowhere.com,r9msa7ni,si7an9mr,srnmi97a
nunbet20,Nunley,Bettie,205679482,Bettie.Nunley@nowhere.com,bt2ne0nu,nnu2etb0,t2ebnnu0
hibrud74,Hibdon,Rudy,209007031,Rudy.Hibdon@nowhere.com,urd7ibh4,i47dhbur,ihbr4ud7
deslon91,Desrocher,Lon,2020016906,Lon.Desrocher@nowhere.com,deo1n9ls,1os9lnde,n91oedls
hakrox41,Hakes,Roxane,2077674058,Roxane.Hakes@nowhere.com,o1x4akhr,14khoxar,a1xhrok4
parrob02,Pardue,Robbie,206006604,Robbie.Pardue@nowhere.com,02oprabr,or2brap0,aor2b0pr
turpan47,Turman,Pansy,202082948,Pansy.Turman@nowhere.com,pu7an4tr,t4nurpa7,7aup4tnr
pedlil86,Pedez,Lillie,2048613136,Lillie.Pedez@nowhere.com,ll8iedp6,pliedl68,i8l6lped
topkam27,Topi,Kam,2015190689,Kam.Topi@nowhere.com,ok7amtp2,2okm7atp,taok2pm7
hanclo27,Han,Clotilde,2055438419,Clotilde.Han@nowhere.com,hl7cna2o,o7ah2lcn,2lncoah7
arealb13,Area,Albert,209755390,Albert.Area@nowhere.com,aa3ler1b,ba13lare,1balare3
rigtam02,Riggin,Tammara,202079505,Tammara.Riggin@nowhere.com,imra0tg2,i0atrgm2,rt2ia0mg
perhat85,Peri,Hattie,2061103541,Hattie.Peri@nowhere.com,hre8ta5p,5a8erhtp,a5tpher8
uladen72,Ulatowski,Denyse,204560238,Denyse.Ulatowski@nowhere.com,2lneuda7,ud7nlae2,2nluaed7
bursad35,Burnham,Sadie,2065352778,Sadie.Burnham@nowhere.com,su3db5ar,aur5b3ds,r3ud5sba
benlac47,Benvenuti,Lacie,202662283,Lacie.Benvenuti@nowhere.com,abenl4c7,ln7eba4c,a4nbcl7e
tholyn20,Thoman,Lyn,204503812,Lyn.Thoman@nowhere.com,ho0tln2y,lyh20ton,toy2lnh0
lafnor25,Laferriere,Norman,2081194013,Norman.Laferriere@nowhere.com,n25lfoar,r25fonal,ronla52f
